City_ID,City,Country,Date,Lat,Lng,Max Temp,Humidity,Cloudiness,Wind Speed
0,Narrabri,AU,2022-11-15 02:40:04,-30.3167,149.7833,74.52,57,80,3.0
1,Cape Town,ZA,2022-11-15 02:40:04,-33.9258,18.4232,61.12,81,0,4.16
2,Bambous Virieux,MU,2022-11-15 02:40:05,-20.3428,57.7575,71.85,60,75,9.22
3,Ulaangom,MN,2022-11-15 02:40:05,49.9811,92.0667,19.0,89,96,0.69
4,Olinda,BR,2022-11-15 02:35:27,-8.0089,-34.8553,80.33,69,40,5.75
5,Oranjemund,NA,2022-11-15 02:36:42,-28.55,16.4333,58.24,93,25,1.54
6,Hermanus,ZA,2022-11-15 02:40:06,-34.4187,19.2345,61.81,84,0,12.33
7,Balezino,RU,2022-11-15 02:40:06,57.9796,53.0106,17.46,79,100,12.08
8,East London,ZA,2022-11-15 02:40:06,-33.0153,27.9116,64.22,80,95,19.26
9,Saint Anthony,US,2022-11-15 02:40:07,45.0205,-93.218,30.65,90,100,8.05
10,Abomsa,ET,2022-11-15 02:40:07,9.9833,39.9833,63.66,51,0,7.07
11,Atuona,PF,2022-11-15 02:37:39,-9.8,-139.0333,77.79,76,4,16.04
12,Punta Arenas,CL,2022-11-15 02:40:08,-53.15,-70.9167,50.11,81,40,17.27
13,Ushuaia,AR,2022-11-15 02:40:08,-54.8,-68.3,46.06,87,0,4.61
14,Fairbanks,US,2022-11-15 02:35:17,64.8378,-147.7164,28.09,92,100,4.61
15,Jackson,US,2022-11-15 02:38:42,42.4165,-122.8345,47.44,71,0,1.99
16,Ribeira Grande,PT,2022-11-15 02:40:09,38.5167,-28.7,60.78,85,36,5.99
17,Sechura,PE,2022-11-15 02:40:10,-5.5569,-80.8222,63.48,84,17,11.77
18,San Jose,US,2022-11-15 02:35:19,37.3394,-121.895,56.08,61,20,6.91
19,Necochea,AR,2022-11-15 02:40:10,-38.5473,-58.7368,57.15,83,0,19.3
20,Bubaque,GW,2022-11-15 02:40:10,11.2833,-15.8333,83.16,69,100,11.63
21,Jacareacanga,BR,2022-11-15 02:40:11,-6.2222,-57.7528,77.76,72,30,1.05
22,Grand Gaube,MU,2022-11-15 02:40:11,-20.0064,57.6608,72.0,60,2,5.01
23,Carnarvon,AU,2022-11-15 02:40:12,-24.8667,113.6333,84.36,38,0,4.9
24,Vaini,TO,2022-11-15 02:36:25,-21.2,-175.2,77.16,94,40,4.61
25,Newberry,US,2022-11-15 02:40:12,34.2746,-81.6187,48.49,69,100,6.31
26,New Norfolk,AU,2022-11-15 02:37:43,-42.7826,147.0587,49.5,81,100,5.01
27,Rikitea,PF,2022-11-15 02:40:13,-23.1203,-134.9692,74.71,83,100,13.15
28,La Ronge,CA,2022-11-15 02:40:13,55.1001,-105.2842,21.45,86,100,3.44
29,Roald,NO,2022-11-15 02:40:13,62.5833,6.1333,55.09,76,100,5.75
30,Upernavik,GL,2022-11-15 02:40:14,72.7868,-56.1549,23.16,91,100,15.68
31,Puerto Ayora,EC,2022-11-15 02:36:27,-0.7393,-90.3518,69.55,87,59,5.01
32,Agirish,RU,2022-11-15 02:40:14,61.9247,63.0231,-0.49,91,100,11.07
33,Lebu,CL,2022-11-15 02:40:15,-37.6167,-73.65,54.21,92,30,1.48
34,Namibe,AO,2022-11-15 02:40:15,-15.1961,12.1522,64.11,81,100,4.45
35,Jamestown,US,2022-11-15 02:40:16,42.097,-79.2353,35.19,91,100,3.44
36,Dingle,PH,2022-11-15 02:40:16,10.9995,122.6711,86.16,73,99,9.66
37,Manitouwadge,CA,2022-11-15 02:40:16,49.1215,-85.8403,19.36,91,100,4.59
38,Khatanga,RU,2022-11-15 02:40:17,71.9667,102.5,-7.74,97,100,14.58
39,Kapaa,US,2022-11-15 02:36:43,22.0752,-159.319,82.38,74,40,17.27
40,Concordia,AR,2022-11-15 02:40:17,-31.393,-58.0209,63.79,58,1,3.0
41,Faanui,PF,2022-11-15 02:40:17,-16.4833,-151.75,78.91,78,100,4.76
42,Thompson,CA,2022-11-15 02:37:40,55.7435,-97.8558,1.56,85,0,0.0
43,Baglung,NP,2022-11-15 02:40:18,28.2719,83.5898,63.97,57,0,0.56
44,Nikolskoye,RU,2022-11-15 02:40:17,59.7035,30.7861,35.49,97,100,8.03
45,Geraldton,AU,2022-11-15 02:37:46,-28.7667,114.6,90.01,13,0,16.11
46,Haverfordwest,GB,2022-11-15 02:41:19,51.8017,-4.9691,54.05,96,100,5.99
47,Pisco,PE,2022-11-15 02:37:18,-13.7,-76.2167,66.25,77,100,8.05
48,Piacabucu,BR,2022-11-15 02:41:19,-10.4056,-36.4344,76.75,87,12,12.33
49,Plover,US,2022-11-15 02:41:20,44.4564,-89.544,31.19,73,100,5.75
50,Norman Wells,CA,2022-11-15 02:41:20,65.282,-126.8329,19.44,93,100,24.16
51,Zhigansk,RU,2022-11-15 02:41:21,66.7697,123.3711,-30.23,99,46,1.23
52,Labuhan,ID,2022-11-15 02:38:58,-6.8844,112.2051,85.78,67,100,1.48
53,Shelby,US,2022-11-15 02:37:02,35.2001,-89.8668,48.29,68,100,4.61
54,Hasaki,JP,2022-11-15 02:41:22,35.7333,140.8333,56.21,80,100,16.91
55,Port-Gentil,GA,2022-11-15 02:41:22,-0.7193,8.7815,78.53,85,100,11.81
56,Camopi,GF,2022-11-15 02:41:23,3.1655,-52.3158,71.73,98,16,2.84
57,Tianpeng,CN,2022-11-15 02:41:23,30.9866,103.9393,55.87,69,98,3.06
58,Zhongshu,CN,2022-11-15 02:41:23,24.5167,103.7667,59.61,84,97,6.04
59,Vanimo,PG,2022-11-15 02:41:24,-2.6741,141.3028,75.97,96,100,5.14
60,Cockburn Town,TC,2022-11-15 02:41:24,21.4612,-71.1419,81.34,72,4,13.18
61,Yerbogachen,RU,2022-11-15 02:39:30,61.2767,108.0108,-13.59,90,8,5.14
62,Bengkulu,ID,2022-11-15 02:37:44,-3.8004,102.2655,82.18,68,96,8.08
63,Bredasdorp,ZA,2022-11-15 02:41:25,-34.5322,20.0403,58.55,72,35,9.33
64,Wakiso,UG,2022-11-15 02:41:25,0.4044,32.4594,67.55,97,63,1.32
65,Porrentruy,CH,2022-11-15 02:41:26,47.4153,7.0752,49.91,92,97,0.81
66,Busselton,AU,2022-11-15 02:41:26,-33.65,115.3333,69.15,42,0,6.31
67,Quatre Cocos,MU,2022-11-15 02:41:27,-20.2078,57.7625,71.71,54,73,16.67
68,Bestobe,KZ,2022-11-15 02:41:22,52.4994,73.0975,35.71,78,98,25.01
69,Iqaluit,CA,2022-11-15 02:41:27,63.7506,-68.5145,11.93,79,100,16.11
70,Champasak,LA,2022-11-15 02:41:28,14.75,106.0,81.48,58,60,1.19
71,Albany,US,2022-11-15 02:39:51,42.6001,-73.9662,32.65,69,22,3.0
72,Ketchikan,US,2022-11-15 02:41:28,55.3422,-131.6461,43.27,87,100,3.44
73,Mataura,NZ,2022-11-15 02:41:28,-46.1927,168.8643,71.71,45,99,2.75
74,Sao Filipe,CV,2022-11-15 02:41:29,14.8961,-24.4956,74.97,74,100,11.45
75,Verkhniy Rohachyk,UA,2022-11-15 02:41:29,47.2505,34.338,34.54,85,45,5.55
76,Ilulissat,GL,2022-11-15 02:41:30,69.2167,-51.1,30.22,80,100,16.11
77,Energetik,RU,2022-11-15 02:41:30,51.7445,58.7934,24.22,84,100,15.57
78,Agadez,NE,2022-11-15 02:41:30,19.75,10.25,60.26,31,5,10.42
79,Ocos,GT,2022-11-15 02:41:31,14.5094,-92.1933,79.97,79,31,2.73
80,Hare Bay,CA,2022-11-15 02:41:31,48.8499,-54.0148,38.8,97,96,8.61
81,Avarua,CK,2022-11-15 02:41:32,-21.2078,-159.775,77.05,57,67,13.8
82,Tuktoyaktuk,CA,2022-11-15 02:41:32,69.4541,-133.0374,12.2,92,100,18.41
83,Belance,PH,2022-11-15 02:41:32,16.1833,121.25,79.12,63,98,6.29
84,Ambilobe,MG,2022-11-15 02:41:33,-13.2,49.05,72.99,81,6,3.15
85,Kaitangata,NZ,2022-11-15 02:39:04,-46.2817,169.8464,66.87,59,87,7.54
86,Alta Floresta,BR,2022-11-15 02:41:33,-9.8756,-56.0861,73.67,82,81,1.07
87,Sri Aman,MY,2022-11-15 02:42:34,1.2376,111.4621,82.45,83,40,2.3
88,Krasnoselkup,RU,2022-11-15 02:42:34,65.7,82.4667,-14.82,94,59,10.54
89,Mar Del Plata,AR,2022-11-15 02:42:33,-38.0023,-57.5575,60.1,97,100,16.11
90,Half Moon Bay,US,2022-11-15 02:41:57,37.4636,-122.4286,56.32,71,0,8.05
91,Barrow,US,2022-11-15 02:42:35,71.2906,-156.7887,5.02,78,0,19.57
92,Temirtau,KZ,2022-11-15 02:42:35,50.0544,72.9483,31.08,96,99,25.7
93,Lewiston,US,2022-11-15 02:37:57,44.1003,-70.2148,33.24,74,0,3.44
94,Tura,IN,2022-11-15 02:42:35,25.5198,90.2201,72.05,67,0,0.72
95,Sibot,RO,2022-11-15 02:42:36,45.95,23.3333,43.52,66,23,0.85
96,Nueve De Julio,AR,2022-11-15 02:42:36,-35.4444,-60.8831,60.96,67,0,1.01
97,Arlit,NE,2022-11-15 02:35:31,18.7369,7.3853,65.59,20,27,6.85
98,Westport,US,2022-11-15 02:37:47,41.1415,-73.3579,40.82,62,0,5.75
99,Olafsvik,IS,2022-11-15 02:42:37,64.8945,-23.7142,45.01,77,100,6.13
100,Qaanaaq,GL,2022-11-15 02:42:37,77.484,-69.3632,-2.54,79,38,4.9
101,Simpsonville,US,2022-11-15 02:42:37,34.7371,-82.2543,46.92,59,100,9.22
102,Santa Rosa,PH,2022-11-15 02:34:10,14.3122,121.1114,85.1,77,99,12.88
103,Socorro,US,2022-11-15 02:42:38,31.6546,-106.3033,54.18,24,0,4.61
104,Aqtobe,KZ,2022-11-15 02:42:38,50.2797,57.2072,23.09,86,100,22.37
105,Garowe,SO,2022-11-15 02:42:39,8.4054,48.4845,69.49,77,60,6.02
106,Arteaga,MX,2022-11-15 02:42:39,18.4667,-102.4167,65.08,80,100,2.1
107,Celestun,MX,2022-11-15 02:42:39,20.8667,-90.4,77.23,79,54,13.35
108,Port Alfred,ZA,2022-11-15 02:42:40,-33.5906,26.891,63.18,87,39,1.99
109,Hithadhoo,MV,2022-11-15 02:42:40,-0.6,73.0833,81.54,77,76,14.32
110,Kununurra,AU,2022-11-15 02:38:58,-15.7667,128.7333,93.18,52,5,3.44
111,Tessalit,ML,2022-11-15 02:42:41,20.1986,1.0114,71.26,18,100,8.43
112,Charagua,BO,2022-11-15 02:42:41,-19.8,-63.2167,67.59,75,100,4.0
113,Mahebourg,MU,2022-11-15 02:42:41,-20.4081,57.7,71.89,60,75,9.22
114,Poum,NC,2022-11-15 02:42:42,-20.2333,164.0167,76.89,77,23,2.93
115,Viedma,AR,2022-11-15 02:42:42,-40.8135,-62.9967,59.49,56,0,7.02
116,Kodiak,US,2022-11-15 02:42:42,57.79,-152.4072,31.51,93,0,3.44
117,Saskylakh,RU,2022-11-15 02:42:43,71.9167,114.0833,-17.64,96,93,6.42
118,Ouango,CF,2022-11-15 02:42:43,4.3133,22.5552,65.77,80,81,2.66
119,Kaka,TM,2022-11-15 02:42:43,37.3482,59.6143,47.59,62,0,4.12
120,Cayenne,GF,2022-11-15 02:38:11,4.9333,-52.3333,77.04,94,75,0.0
121,Bosaso,SO,2022-11-15 02:42:44,11.2842,49.1816,74.41,75,0,1.57
122,Bykovo,RU,2022-11-15 02:42:44,55.6361,38.0803,32.41,59,75,2.24
123,Kavieng,PG,2022-11-15 02:42:44,-2.5744,150.7967,85.57,69,81,10.09
124,Khani,GE,2022-11-15 02:42:45,41.9563,42.9566,42.37,90,99,2.59
125,Lata,PT,2022-11-15 02:42:45,40.1629,-8.3327,59.07,95,100,6.71
126,Casper,US,2022-11-15 02:38:04,42.8666,-106.3131,26.73,81,75,1.99
127,Sabya,SA,2022-11-15 02:42:46,17.1495,42.6254,78.42,69,0,5.44
128,Hilo,US,2022-11-15 02:40:29,19.7297,-155.09,80.33,74,100,8.05
129,Kruisfontein,ZA,2022-11-15 02:42:46,-34.0033,24.7314,65.55,55,84,9.75
130,Castro,BR,2022-11-15 02:42:47,-24.7911,-50.0119,61.07,98,97,4.0
131,Airai,TL,2022-11-15 02:42:47,-8.9266,125.4092,78.4,49,58,1.57
132,Sept-Iles,CA,2022-11-15 02:41:34,50.2001,-66.3821,26.6,71,75,9.22
133,Tupik,RU,2022-11-15 02:43:47,54.4253,119.9327,15.1,92,100,3.06
134,Rio Gallegos,AR,2022-11-15 02:43:48,-51.6226,-69.2181,55.45,62,20,23.02
135,Salta,AR,2022-11-15 02:39:04,-24.7859,-65.4117,62.58,64,0,3.44
136,Varzea Alegre,BR,2022-11-15 02:43:48,-5.35,-40.3833,78.21,68,46,6.17
137,Aklavik,CA,2022-11-15 02:43:49,68.2191,-135.0107,15.91,89,100,19.8
138,San Vicente,AR,2022-11-15 02:43:49,-26.6167,-54.1333,53.44,84,0,1.54
139,San Andres,CO,2022-11-15 02:43:49,12.5847,-81.7006,82.42,83,20,13.8
140,Taltal,CL,2022-11-15 02:40:21,-25.4,-70.4833,62.6,76,18,3.58
141,Hamilton,US,2022-11-15 02:43:42,39.1834,-84.5333,36.88,72,0,9.22
142,Sisimiut,GL,2022-11-15 02:36:41,66.9395,-53.6735,21.97,92,100,11.3
143,San Patricio,US,2022-11-15 02:43:50,28.017,-97.5169,62.89,89,47,6.85
144,Innisfail,AU,2022-11-15 02:43:50,-17.5333,146.0333,85.12,60,86,9.42
145,Bitburg,DE,2022-11-15 02:43:51,49.9667,6.5333,52.54,100,100,14.97
146,Qandala,SO,2022-11-15 02:43:51,11.472,49.8728,75.42,67,45,4.76
147,Alice Springs,AU,2022-11-15 02:35:10,-23.7,133.8833,80.15,26,13,6.91
148,Dongargaon,IN,2022-11-15 02:43:52,20.9667,80.85,67.62,48,5,3.47
149,Hobart,AU,2022-11-15 02:43:52,-42.8794,147.3294,49.86,81,100,19.57
150,Formosa,AR,2022-11-15 02:43:24,-26.1775,-58.1781,69.78,73,0,3.44
151,Cidreira,BR,2022-11-15 02:43:52,-30.1811,-50.2056,64.87,74,1,8.86
152,Ostrovnoy,RU,2022-11-15 02:43:53,68.0531,39.5131,29.55,82,88,5.79
153,El Alto,PE,2022-11-15 02:43:53,-4.2714,-81.2147,62.26,87,22,14.41
154,Ponta Do Sol,PT,2022-11-15 02:43:53,32.6667,-17.1,67.71,70,94,2.1
155,Tirana,AL,2022-11-15 02:43:43,41.3275,19.8189,54.48,94,75,5.75
156,Vestmannaeyjar,IS,2022-11-15 02:42:44,63.4427,-20.2734,45.68,83,100,11.61
157,Erzin,TR,2022-11-15 02:43:54,36.9559,36.2,61.12,48,6,4.81
158,Kargat,RU,2022-11-15 02:43:54,55.1956,80.2811,35.08,99,100,15.21
159,Chuy,UY,2022-11-15 02:43:55,-33.6971,-53.4616,61.23,94,100,11.86
160,Takoradi,GH,2022-11-15 02:38:01,4.8845,-1.7554,78.15,84,52,6.51
161,Yellowknife,CA,2022-11-15 02:42:30,62.456,-114.3525,27.12,93,100,16.11
162,Butterworth,MY,2022-11-15 02:43:55,5.3991,100.3638,80.64,93,20,3.44
163,Ballina,AU,2022-11-15 02:43:56,-28.8667,153.5667,86.77,42,1,13.65
164,Cherskiy,RU,2022-11-15 02:43:56,68.75,161.3,-28.71,100,95,6.04
165,Harer,ET,2022-11-15 02:43:56,9.3094,42.1258,54.5,40,0,5.5
166,Talnakh,RU,2022-11-15 02:43:57,69.4865,88.3972,-23.48,90,21,4.21
167,Esil,KZ,2022-11-15 02:43:57,51.9556,66.4042,27.14,95,100,18.88
168,Dzhida,RU,2022-11-15 02:43:57,50.6772,106.1806,21.65,74,77,5.28
169,Klaksvik,FO,2022-11-15 02:43:58,62.2266,-6.589,49.12,87,100,34.72
170,Chokurdakh,RU,2022-11-15 02:43:58,70.6333,147.9167,-15.68,99,100,10.38
171,Lexington,US,2022-11-15 02:40:28,37.9887,-84.4777,39.2,68,0,12.66
172,Berlevag,NO,2022-11-15 02:43:58,70.8578,29.0864,39.2,81,75,17.27
173,Bethel,US,2022-11-15 02:40:53,41.3712,-73.414,35.96,68,0,0.0
174,Weligama,LK,2022-11-15 02:43:59,5.9667,80.4167,77.04,84,100,7.38
175,Tiksi,RU,2022-11-15 02:43:59,71.6872,128.8694,-10.77,91,100,12.77
176,Vredendal,ZA,2022-11-15 02:44:00,-31.6683,18.5012,56.64,87,3,4.9
177,Mount Isa,AU,2022-11-15 02:44:00,-20.7333,139.5,83.97,24,0,10.36
178,Tomatlan,MX,2022-11-15 02:44:00,19.9333,-105.25,70.23,92,47,2.64
179,Det Udom,TH,2022-11-15 02:45:01,14.906,105.0784,84.02,61,22,1.28
180,Garden City,US,2022-11-15 02:43:51,42.3256,-83.331,37.4,55,100,4.61
181,Ajdabiya,LY,2022-11-15 02:45:01,30.7554,20.2263,60.01,75,0,2.33
182,Provideniya,RU,2022-11-15 02:45:01,64.3833,-173.3,30.36,69,100,20.13
183,Karasjok,NO,2022-11-15 02:37:58,69.4719,25.5112,24.26,93,97,4.61
184,Coahuayana,MX,2022-11-15 02:45:02,18.7333,-103.6833,73.76,89,66,3.18
185,Beloha,MG,2022-11-15 02:45:03,-25.1667,45.05,75.42,78,69,4.27
186,Siguiri,GN,2022-11-15 02:45:03,11.6667,-9.5,75.42,69,92,2.37
187,Sungaipenuh,ID,2022-11-15 02:45:04,-2.0833,101.3833,71.74,78,100,3.62
188,Saiha,IN,2022-11-15 02:45:04,22.4833,92.9667,75.38,41,0,0.54
189,Kavaratti,IN,2022-11-15 02:45:04,10.5669,72.642,79.84,79,100,8.39
190,Namatanai,PG,2022-11-15 02:45:05,-3.6667,152.4333,84.96,67,100,10.85
191,Biloela,AU,2022-11-15 02:45:05,-24.4167,150.5,90.97,24,1,6.91
192,Mvomero,TZ,2022-11-15 02:45:06,-6.25,38.6667,71.91,96,34,2.21
193,Jumla,NP,2022-11-15 02:45:06,29.2747,82.1838,51.89,47,93,2.1
194,Dzerzhinsk,RU,2022-11-15 02:43:01,56.2389,43.4631,28.22,74,40,13.42
195,Hami,CN,2022-11-15 02:45:07,42.8,93.45,42.35,34,90,5.91
196,Kurilsk,RU,2022-11-15 02:45:07,45.2333,147.8833,39.2,61,97,7.54
197,Xique-Xique,BR,2022-11-15 02:45:15,-10.8218,-42.7263,78.98,63,61,3.44
198,Haines Junction,CA,2022-11-15 02:44:20,60.7522,-137.5108,35.55,93,100,2.3
199,Three Hills,CA,2022-11-15 02:35:23,51.7001,-113.2686,16.99,91,12,8.05
200,Iquitos,PE,2022-11-15 02:45:16,-3.7481,-73.2472,75.24,94,75,3.44
201,Paoua,CF,2022-11-15 02:45:16,7.2427,16.4406,68.32,52,0,2.55
202,Mount Darwin,ZW,2022-11-15 02:45:17,-16.7725,31.5838,64.54,94,91,3.91
203,Hirara,JP,2022-11-15 02:45:17,24.8,125.2833,77.27,69,75,6.91
204,Esperance,AU,2022-11-15 02:45:17,-33.8667,121.9,60.8,59,90,11.92
205,Karpathos,GR,2022-11-15 02:45:18,35.507,27.2132,62.56,72,91,18.41
206,Bluff,NZ,2022-11-15 02:45:18,-46.6,168.3333,65.28,56,100,7.0
207,Iisalmi,FI,2022-11-15 02:45:19,63.5592,27.1907,34.9,96,99,7.11
208,Aran,AZ,2022-11-15 02:45:19,40.6253,46.9756,48.96,91,66,6.4
209,Saint Helens,GB,2022-11-15 02:45:19,53.45,-2.7333,51.22,88,40,11.5
210,Pandamatenga,BW,2022-11-15 02:45:20,-18.5278,25.627,65.41,80,65,10.36
211,Singleton,AU,2022-11-15 02:45:21,-32.5667,151.1833,77.92,50,85,13.04
212,Paso De Los Toros,UY,2022-11-15 02:45:21,-32.8167,-56.5167,57.4,86,11,9.82
213,Ibaiti,BR,2022-11-15 02:45:22,-23.8486,-50.1878,62.15,97,81,2.19
214,Severo-Kurilsk,RU,2022-11-15 02:45:22,50.6789,156.125,35.11,84,94,33.98
215,Dudinka,RU,2022-11-15 02:43:28,69.4058,86.1778,-30.55,100,38,2.04
216,Saint-Pierre,RE,2022-11-15 02:45:23,-21.3393,55.4781,73.08,49,0,12.66
217,Beringovskiy,RU,2022-11-15 02:45:23,63.05,179.3167,33.04,82,72,16.22
218,Cuetzalan,MX,2022-11-15 02:45:23,20.0333,-97.5167,67.75,83,97,4.09
219,Mason City,US,2022-11-15 02:42:02,43.1536,-93.201,34.05,74,100,9.22
220,Harunabad,PK,2022-11-15 02:45:24,29.6133,73.1389,63.01,60,0,10.63
221,Saint George,US,2022-11-15 02:41:36,37.1041,-113.5841,46.99,43,0,4.0
222,Whithorn,JM,2022-11-15 02:45:25,18.2604,-78.0378,78.06,94,0,3.78
223,Sobolevo,RU,2022-11-15 02:45:25,54.4299,31.8996,30.49,86,88,6.38
224,Havelock,US,2022-11-15 02:46:26,34.8791,-76.9013,51.93,85,0,10.36
225,Neiafu,TO,2022-11-15 02:46:26,-18.65,-173.9833,77.68,94,75,2.3
226,Bathsheba,BB,2022-11-15 02:46:24,13.2167,-59.5167,79.41,89,75,27.63
227,Dwarka,IN,2022-11-15 02:46:27,22.2394,68.9678,78.98,65,0,7.96
228,Tanasoaia,RO,2022-11-15 02:46:27,46.1,27.3667,39.45,93,15,5.97
229,Kieta,PG,2022-11-15 02:46:27,-6.2167,155.6333,84.69,64,100,4.83
230,Obama,JP,2022-11-15 02:46:28,35.4958,135.746,60.96,60,27,6.15
231,Clyde River,CA,2022-11-15 02:46:28,70.4692,-68.5914,-7.37,77,0,12.66
232,Cabo San Lucas,MX,2022-11-15 02:45:25,22.8909,-109.9124,76.6,77,15,6.71
233,Bulawayo,ZW,2022-11-15 02:46:28,-20.15,28.5833,59.59,85,94,12.57
234,Voznesenye,RU,2022-11-15 02:46:29,61.0106,35.4781,33.21,98,100,3.06
235,Alofi,NU,2022-11-15 02:46:29,-19.0595,-169.9187,76.89,94,100,10.36
236,Pitimbu,BR,2022-11-15 02:46:30,-7.4706,-34.8086,77.59,79,14,9.6
237,Tasiilaq,GL,2022-11-15 02:46:30,65.6145,-37.6368,33.96,95,100,5.08
238,Helong,CN,2022-11-15 02:41:36,42.5397,128.9972,37.96,42,5,6.91
239,Codrington,AU,2022-11-15 02:46:30,-38.2667,141.9667,51.44,66,97,17.87
240,Georgetown,MY,2022-11-15 02:43:43,5.4112,100.3354,80.53,93,20,3.44
241,Doctor Juan Leon Mallorquin,PY,2022-11-15 02:46:31,-25.4,-55.2667,65.93,81,0,1.95
242,Oyama,JP,2022-11-15 02:46:31,36.3,139.8,56.59,62,100,6.11
243,Aksu,CN,2022-11-15 02:46:32,41.1231,80.2644,36.82,45,51,2.46
244,Mtimbira,TZ,2022-11-15 02:46:32,-8.7833,36.35,69.13,82,36,2.35
245,Arraial Do Cabo,BR,2022-11-15 02:46:32,-22.9661,-42.0278,73.49,95,100,27.67
246,Copparo,IT,2022-11-15 02:46:33,44.893,11.8249,45.09,89,29,5.75
247,Dunedin,NZ,2022-11-15 02:46:33,-45.8742,170.5036,65.8,66,55,7.0
248,Houma,US,2022-11-15 02:42:11,29.5958,-90.7195,60.8,96,100,16.11
249,Hay River,CA,2022-11-15 02:42:21,60.8156,-115.7999,30.18,80,40,9.22
250,Oshakati,NA,2022-11-15 02:46:34,-17.7833,15.6833,71.62,30,22,9.01
251,Meulaboh,ID,2022-11-15 02:46:34,4.1363,96.1285,77.07,88,100,5.23
252,Derzhavinsk,KZ,2022-11-15 02:46:34,51.1,66.3167,28.26,90,100,20.96
253,Mogadishu,SO,2022-11-15 02:46:35,2.0371,45.3438,78.62,80,25,9.28
254,Bose,IT,2022-11-15 02:46:35,45.4612,8.0137,46.2,96,80,1.03
255,Krasnogorsk,RU,2022-11-15 02:46:35,55.8225,37.3181,32.05,69,75,6.71
256,Dayong,CN,2022-11-15 02:46:36,25.0209,118.2898,79.45,59,90,1.86
257,Njinikom,CM,2022-11-15 02:46:36,6.2333,10.2833,61.43,60,36,3.96
258,Sorland,NO,2022-11-15 02:46:36,67.667,12.6934,42.66,71,4,22.41
259,Dikson,RU,2022-11-15 02:46:37,73.5069,80.5464,4.66,96,100,16.96
260,Ishim,RU,2022-11-15 02:46:37,56.1128,69.4902,31.42,98,100,9.66
261,Mount Gambier,AU,2022-11-15 02:46:37,-37.8333,140.7667,55.15,49,85,12.48
262,Kamiiso,JP,2022-11-15 02:37:57,41.8167,140.65,48.58,71,75,3.44
263,Salalah,OM,2022-11-15 02:46:38,17.0151,54.0924,71.69,56,0,2.3
264,Carnduff,CA,2022-11-15 02:46:38,49.1667,-101.8009,9.37,97,100,5.68
265,Kaeo,NZ,2022-11-15 02:46:39,-35.1,173.7833,66.49,83,83,6.15
266,Hangu,CN,2022-11-15 02:46:39,39.2489,117.7892,57.24,30,0,13.53
267,Songea,TZ,2022-11-15 02:46:39,-10.6833,35.65,61.65,66,52,3.33
268,Chegdomyn,RU,2022-11-15 02:46:40,51.1167,133.0167,17.78,71,13,1.7
269,Herat,AF,2022-11-15 02:46:40,34.5,62.0,46.92,38,0,3.53
270,Valladolid,ES,2022-11-15 02:46:40,41.5833,-4.6667,51.84,86,100,14.5
271,Oshnaviyeh,IR,2022-11-15 02:46:41,37.0397,45.0983,38.53,59,0,6.38
272,Nanortalik,GL,2022-11-15 02:47:41,60.1432,-45.2371,30.76,89,99,8.99
273,Namanyere,TZ,2022-11-15 02:47:41,-7.5167,31.05,62.08,90,100,2.21
274,Ayios Nikolaos,GR,2022-11-15 02:47:42,38.4167,23.65,56.64,90,40,4.61
275,Kismayo,SO,2022-11-15 02:47:42,-0.3582,42.5454,78.31,83,84,6.58
276,Bamut,RU,2022-11-15 02:47:42,43.1599,45.1973,42.75,77,99,3.87
277,Butaritari,KI,2022-11-15 02:47:43,3.0707,172.7902,80.67,80,33,10.27
278,Kyren,RU,2022-11-15 02:47:43,51.6828,102.1408,30.24,71,81,1.86
279,Inta,RU,2022-11-15 02:47:44,66.0317,60.1659,-3.08,87,99,5.75
280,Adiake,CI,2022-11-15 02:47:44,5.2863,-3.304,76.35,88,30,4.34
281,Urucui,BR,2022-11-15 02:47:44,-7.2294,-44.5561,77.95,71,68,2.37
282,Bazaliya,UA,2022-11-15 02:47:45,49.7127,26.4733,37.11,87,94,8.37
283,Srednekolymsk,RU,2022-11-15 02:47:45,67.45,153.6833,-30.89,98,16,1.77
284,Port Hedland,AU,2022-11-15 02:47:45,-20.3167,118.5667,91.45,14,77,5.75
285,San Cristobal,VE,2022-11-15 02:47:46,7.7669,-72.225,68.18,94,53,1.45
286,Narsaq,GL,2022-11-15 02:47:46,60.9167,-46.05,35.82,81,100,6.2
287,Tamworth,GB,2022-11-15 02:47:47,52.634,-1.6959,49.93,91,100,5.01
288,Neuquen,AR,2022-11-15 02:43:07,-38.9516,-68.0591,69.69,43,0,8.05
289,Yatou,CN,2022-11-15 02:47:47,37.15,122.3833,54.63,40,0,10.25
290,Acambaro,MX,2022-11-15 02:47:47,20.0333,-100.7333,58.26,67,79,2.75
291,Fonte Boa,BR,2022-11-15 02:47:48,-2.4959,-66.2662,76.68,85,95,1.52
292,Nome,US,2022-11-15 02:45:48,64.5011,-165.4064,6.87,78,0,0.0
293,Kushima,JP,2022-11-15 02:47:48,31.4583,131.2333,67.33,54,98,9.98
294,Fortuna,US,2022-11-15 02:47:48,40.5982,-124.1573,45.99,95,20,3.44
295,Oistins,BB,2022-11-15 02:46:15,13.0667,-59.5333,78.89,89,75,27.63
296,Chiang Khong,TH,2022-11-15 02:47:49,20.2613,100.4046,82.85,57,64,1.01
297,Caravelas,BR,2022-11-15 02:47:49,-17.7125,-39.2481,76.01,89,100,10.09
298,Safaga,EG,2022-11-15 02:47:50,26.7292,33.9365,70.99,63,0,16.6
299,Gusev,RU,2022-11-15 02:47:50,54.5922,22.1997,38.97,95,58,6.13
300,Halifax,CA,2022-11-15 02:44:05,44.6453,-63.5724,37.51,82,47,14.97
301,High Level,CA,2022-11-15 02:47:50,58.5169,-117.136,19.51,100,20,3.44
302,Flinders,AU,2022-11-15 02:47:51,-34.5833,150.8552,73.18,72,37,3.0
303,Bah,IN,2022-11-15 02:47:51,26.87,78.5975,71.46,46,0,2.37
304,Jabinyanah,TN,2022-11-15 02:47:51,35.035,10.9081,64.89,52,9,10.98
305,Lorengau,PG,2022-11-15 02:47:52,-2.0226,147.2712,84.79,69,81,3.13
306,Moerai,PF,2022-11-15 02:47:52,-22.4333,-151.3333,71.13,84,100,8.63
307,Saint-Augustin,CA,2022-11-15 02:46:11,51.226,-58.6502,28.24,79,96,16.69
308,Pimenta Bueno,BR,2022-11-15 02:47:53,-11.6725,-61.1936,73.38,89,56,1.3
309,Mendoza,AR,2022-11-15 02:44:34,-32.8908,-68.8272,69.33,37,0,2.3
310,Urengoy,RU,2022-11-15 02:47:53,65.9667,78.3667,-15.05,87,85,9.13
311,Ventspils,LV,2022-11-15 02:47:53,57.3894,21.5606,40.93,100,100,4.61
312,Ust-Tsilma,RU,2022-11-15 02:47:54,65.441,52.1498,-5.22,100,59,3.49
313,Bhilwara,IN,2022-11-15 02:47:54,25.35,74.6333,69.55,34,0,4.79
314,Longyearbyen,SJ,2022-11-15 02:47:54,78.2186,15.6401,26.44,74,40,20.71
315,Guerrero Negro,MX,2022-11-15 02:47:55,27.9769,-114.0611,63.5,56,99,5.12
316,Baruun-Urt,MN,2022-11-15 02:47:55,46.6806,113.2792,28.87,34,22,11.56
317,Fuerte Olimpo,PY,2022-11-15 02:47:55,-21.0415,-57.8738,70.09,80,1,4.52
318,Touros,BR,2022-11-15 02:47:56,-5.1989,-35.4608,78.22,77,42,11.41
319,Suntar,RU,2022-11-15 02:48:56,62.1444,117.6319,-20.85,95,28,0.85
320,Roma,US,2022-11-15 02:44:29,43.2128,-75.4557,33.58,81,100,0.0
321,Souillac,MU,2022-11-15 02:48:57,-20.5167,57.5167,71.98,60,75,9.22
322,Nyagan,RU,2022-11-15 02:48:57,62.1406,65.3936,1.08,89,100,10.56
323,Victoria,HK,2022-11-15 02:45:05,22.2855,114.1577,80.96,78,100,5.99
324,Jalu,LY,2022-11-15 02:48:57,29.0331,21.5482,58.12,44,0,5.99
325,Booue,GA,2022-11-15 02:48:58,-0.0921,11.9385,70.68,99,65,2.08
326,Tautira,PF,2022-11-15 02:48:58,-17.7333,-149.15,78.13,81,100,6.62
327,Leningradskiy,RU,2022-11-15 02:48:58,69.3833,178.4167,-7.53,96,74,4.56
328,Aloleng,PH,2022-11-15 02:48:59,16.1307,119.7824,87.24,62,80,5.21
329,Wattegama,LK,2022-11-15 02:48:59,6.7989,81.4808,77.9,81,100,3.27
330,Kalmunai,LK,2022-11-15 02:48:59,7.4167,81.8167,78.15,83,100,6.51
331,Beamsville,CA,2022-11-15 02:48:55,43.1668,-79.4829,38.82,74,57,3.44
332,Fukue,JP,2022-11-15 02:49:00,32.6881,128.8419,59.36,58,75,13.8
333,Marsa Matruh,EG,2022-11-15 02:44:13,31.3525,27.2453,59.2,82,40,8.05
334,Sao Marcos,BR,2022-11-15 02:49:00,-28.9711,-51.0681,57.06,95,23,2.98
335,Kloulklubed,PW,2022-11-15 02:49:01,7.0419,134.2556,77.5,75,100,13.73
336,Amapa,BR,2022-11-15 02:49:01,1.0,-52.0,71.56,97,6,2.37
337,Zalantun,CN,2022-11-15 02:49:02,48.0,122.7167,32.16,39,0,7.7
338,Katsuura,JP,2022-11-15 02:49:02,35.1333,140.3,58.14,87,100,17.09
339,Turayf,SA,2022-11-15 02:49:02,31.6725,38.6637,57.45,100,40,9.22
340,Springbok,ZA,2022-11-15 02:49:03,-29.6643,17.8865,54.72,53,9,3.91
341,Lakselv,NO,2022-11-15 02:49:03,70.0513,24.9718,37.22,70,40,12.66
342,Nouadhibou,MR,2022-11-15 02:49:03,20.931,-17.0347,69.78,68,0,9.22
343,Araouane,ML,2022-11-15 02:49:04,18.9048,-3.5265,78.64,17,100,10.83
344,Khandyga,RU,2022-11-15 02:49:04,62.6667,135.6,-17.55,94,100,3.49
345,Antalaha,MG,2022-11-15 02:49:04,-14.9003,50.2788,71.64,79,46,3.18
346,Mehamn,NO,2022-11-15 02:49:05,71.0357,27.8492,39.15,87,75,13.8
347,Boulder City,US,2022-11-15 02:44:48,35.9786,-114.8325,52.45,34,0,4.61
348,Yar-Sale,RU,2022-11-15 02:46:49,66.8333,70.8333,-4.7,92,88,7.54
349,Bangkal,PH,2022-11-15 02:49:05,6.0667,121.0667,86.22,70,100,4.5
350,Tuatapere,NZ,2022-11-15 02:49:06,-46.1333,167.6833,70.18,43,100,7.54
351,Maceio,BR,2022-11-15 02:49:06,-9.6658,-35.7353,74.64,94,0,4.61
352,Santa Cruz,BO,2022-11-15 02:48:06,-17.8,-63.1667,76.46,61,75,8.05
353,Saldanha,ZA,2022-11-15 02:49:07,-33.0117,17.9442,59.05,87,8,6.67
354,Les Cayes,HT,2022-11-15 02:49:07,18.2,-73.75,76.03,83,0,4.18
355,Felanitx,ES,2022-11-15 02:49:07,39.4696,3.1483,66.72,80,100,12.66
356,Sioux Lookout,CA,2022-11-15 02:49:08,50.1001,-91.917,17.67,93,75,4.61
357,Obuasi,GH,2022-11-15 02:49:08,6.206,-1.6619,70.32,99,67,1.43
358,Clifton,US,2022-11-15 02:46:44,40.8584,-74.1638,40.46,67,0,12.66
359,Taoudenni,ML,2022-11-15 02:49:09,22.6783,-3.9836,75.29,15,100,9.86
360,Kontagora,NG,2022-11-15 02:49:09,10.3999,5.4695,68.99,27,12,5.1
361,Tezu,IN,2022-11-15 02:49:09,27.9167,96.1667,73.9,31,0,2.28
362,Atar,MR,2022-11-15 02:49:10,20.5169,-13.0499,79.05,21,45,8.16
363,Sao Jose Da Coroa Grande,BR,2022-11-15 02:49:10,-8.8978,-35.1478,76.21,86,6,10.2
364,Lokosovo,RU,2022-11-15 02:49:10,61.1333,74.8167,12.0,93,100,12.26
365,Juneau,US,2022-11-15 02:50:11,58.3019,-134.4197,42.22,100,100,11.5
366,Sabang,ID,2022-11-15 02:50:11,5.8933,95.3214,80.13,81,100,21.36
367,Pevek,RU,2022-11-15 02:50:11,69.7008,170.3133,-11.43,100,100,3.47
368,Kawalu,ID,2022-11-15 02:50:12,-7.3817,108.2082,81.21,79,96,1.45
369,Shitanjing,CN,2022-11-15 02:50:12,39.2342,106.3439,40.86,21,3,0.76
370,Muli,MV,2022-11-15 02:50:12,2.9167,73.5667,81.39,77,86,12.12
371,Hwange,ZW,2022-11-15 02:50:13,-18.3693,26.5019,67.96,75,38,7.81
372,Beaune,FR,2022-11-15 02:50:13,47.0833,4.75,48.63,95,98,4.21
373,Semme,FR,2022-11-15 02:50:13,46.1963,1.5007,48.61,93,100,7.87
374,Richards Bay,ZA,2022-11-15 02:49:10,-28.783,32.0377,67.89,70,82,0.4
375,Nizhniy Baskunchak,RU,2022-11-15 02:50:14,48.2198,46.8311,27.93,65,5,13.31
376,Saint-Philippe,RE,2022-11-15 02:50:14,-21.3585,55.7679,72.99,72,43,14.32
377,Ucluelet,CA,2022-11-15 02:50:15,48.9329,-125.5528,44.71,75,1,1.99
378,Tavda,RU,2022-11-15 02:50:15,58.0425,65.2726,14.97,93,100,11.03
379,Port Shepstone,ZA,2022-11-15 02:50:15,-30.7414,30.455,64.35,83,34,10.49
380,Harper,LR,2022-11-15 02:50:16,4.375,-7.7169,76.3,88,98,5.41
381,Tecoanapa,MX,2022-11-15 02:50:16,16.5167,-98.75,79.27,81,5,6.06
382,Naze,JP,2022-11-15 02:50:16,28.3667,129.4833,67.12,73,100,12.73
383,Rundu,NA,2022-11-15 02:50:17,-17.9333,19.7667,71.91,66,36,5.61
384,Palmeiras De Goias,BR,2022-11-15 02:50:17,-16.805,-49.9258,72.32,79,99,2.53
385,Dauphin,CA,2022-11-15 02:50:18,51.1494,-100.0502,6.94,92,100,4.61
386,Gold Coast,AU,2022-11-15 02:45:54,-28.0,153.4333,93.9,44,0,14.97
387,Troitsko-Pechorsk,RU,2022-11-15 02:50:18,62.7084,56.1964,2.01,98,99,5.86
388,Ruteng,ID,2022-11-15 02:50:19,-8.6136,120.4721,74.46,73,41,0.69
389,Nongstoin,IN,2022-11-15 02:50:19,25.5167,91.2667,65.37,45,0,0.43
390,Ngama,TD,2022-11-15 02:50:19,11.7833,17.1667,74.07,25,98,9.08
391,Whitehorse,CA,2022-11-15 02:50:20,60.7161,-135.0538,36.37,80,100,6.91
392,Jerusalem,IL,2022-11-15 02:50:20,31.769,35.2163,58.39,95,12,4.07
393,Tarakan,ID,2022-11-15 02:49:18,3.3,117.6333,87.3,74,40,6.91
394,Honiara,SB,2022-11-15 02:50:20,-9.4333,159.95,83.16,77,76,2.35
395,Port Blair,IN,2022-11-15 02:50:21,11.6667,92.75,82.44,83,40,0.0
396,Christchurch,NZ,2022-11-15 02:47:23,-43.5333,172.6333,69.94,67,40,19.57
397,Ratnagiri,IN,2022-11-15 02:50:21,16.9833,73.3,79.66,58,49,5.79
398,Sadska,CZ,2022-11-15 02:50:22,50.136,14.9863,40.01,91,30,3.69
399,Mtwara,TZ,2022-11-15 02:50:22,-10.2667,40.1833,76.62,84,13,6.58
400,San Lawrenz,MT,2022-11-15 02:50:22,36.0553,14.204,63.86,87,7,9.35
401,Marystown,CA,2022-11-15 02:50:23,47.1666,-55.1483,40.32,84,100,38.05
402,Vao,NC,2022-11-15 02:50:23,-22.6667,167.4833,74.86,76,1,6.76
403,Desdunes,HT,2022-11-15 02:50:24,19.2955,-72.646,77.18,82,3,6.62
404,Talara,PE,2022-11-15 02:50:24,-4.5772,-81.2719,65.16,82,0,13.8
405,San Quintin,MX,2022-11-15 02:50:24,30.4833,-115.95,61.81,57,100,4.32
406,Severnyy,RU,2022-11-15 02:50:25,50.677,36.5532,26.64,86,6,0.0
407,Waingapu,ID,2022-11-15 02:50:25,-9.6567,120.2641,87.15,66,39,7.63
408,Saint-Joseph,RE,2022-11-15 02:50:25,-21.3667,55.6167,71.98,68,22,14.9
409,Manokwari,ID,2022-11-15 02:50:26,-0.8667,134.0833,83.68,72,94,5.5
410,Sao Joao Da Barra,BR,2022-11-15 02:50:26,-21.6403,-41.0511,74.66,91,100,14.38
411,Herford,DE,2022-11-15 02:51:27,52.1333,8.6833,51.66,94,92,7.27
412,Beidao,CN,2022-11-15 02:51:28,34.5686,105.8933,52.09,51,75,1.25
413,Samoylovka,RU,2022-11-15 02:51:28,51.184,43.7081,26.73,82,7,12.08
414,Qinnan,CN,2022-11-15 02:51:29,33.2531,119.9133,57.96,31,22,7.16
415,Botro,CI,2022-11-15 02:51:29,7.8525,-5.3106,73.71,86,88,1.74
416,Inhambane,MZ,2022-11-15 02:51:29,-23.865,35.3833,69.49,76,9,9.24
417,Aykhal,RU,2022-11-15 02:51:30,66.0,111.5,-19.52,99,77,5.97
418,Anchorage,US,2022-11-15 02:48:29,61.2181,-149.9003,35.65,85,75,6.91
419,Ewa Beach,US,2022-11-15 02:49:57,21.3156,-158.0072,82.35,55,0,13.8
420,Constitucion,CL,2022-11-15 02:51:30,-35.3333,-72.4167,57.72,84,0,11.23
421,San Rafael,AR,2022-11-15 02:51:30,-34.6177,-68.3301,67.46,39,0,2.37
422,Betanzos,ES,2022-11-15 02:51:31,43.2804,-8.2147,61.72,87,40,23.02
423,Chalon-Sur-Saone,FR,2022-11-15 02:51:31,46.7833,4.85,52.99,94,98,5.21
424,Lagoa,PT,2022-11-15 02:51:32,39.05,-27.9833,62.51,71,44,9.71
425,Komsomolskiy,UZ,2022-11-15 02:51:32,40.4272,71.7189,38.12,81,97,2.3
426,Golden,US,2022-11-15 02:49:58,39.7555,-105.2211,33.08,55,38,5.01
427,Biltine,TD,2022-11-15 02:51:33,14.5333,20.9167,69.91,23,45,10.33
428,Sitio Novo Do Tocantins,BR,2022-11-15 02:51:33,-5.5183,-47.4611,75.04,90,82,4.41
429,Port Elizabeth,ZA,2022-11-15 02:47:35,-33.918,25.5701,62.89,88,0,10.36
430,Santo Andre,BR,2022-11-15 02:51:33,-23.6639,-46.5383,74.12,68,0,4.61
431,Leh,IN,2022-11-15 02:51:34,34.1667,77.5833,19.49,74,68,2.66
432,Diamantino,BR,2022-11-15 02:51:34,-14.4086,-56.4461,70.79,95,100,5.55
433,Bhimunipatnam,IN,2022-11-15 02:51:34,17.8833,83.4333,74.71,68,0,5.01
434,Vila Velha,BR,2022-11-15 02:49:38,-20.3297,-40.2925,78.75,89,100,8.05
435,Savonlinna,FI,2022-11-15 02:51:35,61.8699,28.88,33.85,93,100,4.61
436,Galveston,US,2022-11-15 02:51:35,29.3669,-94.9669,53.69,91,100,7.0
437,Azangaro,PE,2022-11-15 02:51:36,-14.9167,-70.2167,45.75,59,6,5.53
438,Guane,CU,2022-11-15 02:51:36,22.2025,-84.0875,73.04,86,7,6.15
439,Araceli,PH,2022-11-15 02:51:36,10.5529,119.9913,82.76,81,100,14.79
440,Tarata,BO,2022-11-15 02:51:37,-17.6167,-66.0167,65.62,66,37,5.55
441,Rosario,AR,2022-11-15 02:46:45,-32.9468,-60.6393,66.97,54,0,1.14
442,Porto Santo,PT,2022-11-15 02:51:37,33.072,-16.3415,66.58,88,20,3.44
443,Snezhnogorsk,RU,2022-11-15 02:51:37,69.1933,33.2531,24.58,91,69,6.38
444,Mana,GF,2022-11-15 02:51:38,5.6592,-53.7767,78.8,87,94,11.63
445,Cabedelo,BR,2022-11-15 02:51:38,-6.9811,-34.8339,77.67,80,51,10.89
446,Tazovskiy,RU,2022-11-15 02:51:39,67.4667,78.7,-18.99,93,25,5.35
447,Kainantu,PG,2022-11-15 02:51:39,-6.2887,145.8655,75.27,61,47,5.48
448,Dzhuryn,UA,2022-11-15 02:51:39,49.0329,25.5839,37.81,95,71,7.05
449,Fauske,NO,2022-11-15 02:51:40,67.2588,15.3918,33.94,79,7,7.49
450,Junction City,US,2022-11-15 02:46:40,39.0286,-96.8314,30.56,91,100,6.91
451,Tuku,TW,2022-11-15 02:51:40,23.6778,120.3926,83.08,61,10,4.94
452,Shu,KZ,2022-11-15 02:51:40,43.5983,73.7614,45.1,56,100,0.89
453,Gunjur,GM,2022-11-15 02:51:41,13.2019,-16.7339,80.17,70,100,11.81
454,Ixtapa,MX,2022-11-15 02:51:41,20.7,-105.2,75.22,83,99,2.44
455,Malaia,RO,2022-11-15 02:51:41,45.35,24.0333,29.55,72,52,2.48
456,Kijang,KR,2022-11-15 02:51:24,35.2442,129.2139,56.93,29,39,4.03
457,Konya,TR,2022-11-15 02:52:42,38.1667,32.5,39.27,66,40,0.94
458,Sawakin,SD,2022-11-15 02:52:42,19.1059,37.3321,79.27,70,11,5.86
459,Bouna,CI,2022-11-15 02:52:43,9.2667,-3.0,74.3,73,9,1.39
460,Vardo,NO,2022-11-15 02:52:43,70.3705,31.1107,37.38,81,40,21.85
461,Santiago Del Estero,AR,2022-11-15 02:52:43,-27.7951,-64.2615,73.15,32,0,6.98
462,Otorohanga,NZ,2022-11-15 02:52:44,-38.1833,175.2,71.19,81,1,7.43
463,Kysyl-Syr,RU,2022-11-15 02:52:44,63.8986,122.7617,-23.04,98,57,3.98
464,Whyalla,AU,2022-11-15 02:52:44,-33.0333,137.5833,58.66,52,87,13.51
465,Palana,RU,2022-11-15 02:52:45,59.1167,159.9667,25.75,80,91,20.11
466,Sitka,US,2022-11-15 02:52:45,57.0531,-135.33,48.09,71,100,17.27
467,Belmonte,BR,2022-11-15 02:52:15,-15.8631,-38.8828,75.6,92,94,8.7
468,Chaparral,CO,2022-11-15 02:52:46,3.7232,-75.4832,68.36,93,100,4.74
469,Ayan,RU,2022-11-15 02:52:46,56.45,138.1667,23.76,62,85,4.18
470,Cam Ranh,VN,2022-11-15 02:52:46,11.9214,109.1591,85.96,70,40,10.36
471,Vila Franca Do Campo,PT,2022-11-15 02:52:47,37.7167,-25.4333,64.2,91,43,4.52
472,Eureka,US,2022-11-15 02:52:47,40.8021,-124.1637,46.26,95,0,4.29
473,San Carlos De Bariloche,AR,2022-11-15 02:49:13,-41.1456,-71.3082,53.35,62,75,16.11
474,Biak,ID,2022-11-15 02:52:02,-0.9131,122.8766,84.88,65,100,2.59
475,Cloquet,US,2022-11-15 02:52:48,46.7216,-92.4594,29.61,93,100,6.91
476,Kirovskiy,RU,2022-11-15 02:52:48,45.0917,133.5136,31.71,59,18,4.12
477,Port Hardy,CA,2022-11-15 02:52:48,50.6996,-127.4199,39.38,100,100,3.44
478,Luderitz,NA,2022-11-15 02:52:49,-26.6481,15.1594,58.3,94,6,7.61
479,Koping,SE,2022-11-15 02:52:49,59.514,15.9926,45.18,94,16,6.06
480,Tighina,MD,2022-11-15 02:52:49,46.8306,29.4711,41.77,79,73,4.59
481,Codajas,BR,2022-11-15 02:52:50,-3.8367,-62.0569,77.31,80,99,2.21
482,Qinhuangdao,CN,2022-11-15 02:52:50,39.9317,119.5883,51.37,31,39,2.98
483,Mayo,US,2022-11-15 02:52:17,38.8876,-76.5119,42.75,76,0,3.44
484,Cachoeira Do Sul,BR,2022-11-15 02:50:20,-30.0392,-52.8939,62.2,73,37,7.56
485,Daru,PG,2022-11-15 02:52:51,-9.0763,143.2092,81.93,82,100,7.2
486,Pontes E Lacerda,BR,2022-11-15 02:52:51,-15.2261,-59.3353,69.82,94,100,4.07
487,Martapura,ID,2022-11-15 02:52:52,-3.4167,114.85,86.09,70,40,4.61
488,Paamiut,GL,2022-11-15 02:50:03,61.994,-49.6678,27.75,89,97,11.5
489,Dawson,US,2022-11-15 02:50:35,31.7735,-84.4466,54.82,73,100,10.87
490,Hobyo,SO,2022-11-15 02:52:52,5.3505,48.5268,79.41,72,0,12.3
491,Bemidji,US,2022-11-15 02:52:53,47.4736,-94.8803,24.91,93,100,0.0
492,Caledon,ZA,2022-11-15 02:52:53,-34.23,19.4265,59.07,74,1,4.34
493,Orodara,BF,2022-11-15 02:52:53,10.9492,-4.9342,70.32,38,14,3.33
494,Huarmey,PE,2022-11-15 02:52:54,-10.0681,-78.1522,64.26,85,19,7.58
495,Channel-Port Aux Basques,CA,2022-11-15 02:52:54,47.5702,-59.1367,36.81,79,100,36.26
496,Salinas,US,2022-11-15 02:52:54,36.6777,-121.6555,54.0,75,0,5.75
497,Lithgow,AU,2022-11-15 02:52:55,-33.4833,150.15,59.04,52,99,11.88
498,Felipe Carrillo Puerto,MX,2022-11-15 02:52:55,19.5833,-88.05,71.44,92,5,3.22
499,Stephenville,US,2022-11-15 02:52:55,32.2207,-98.2023,42.93,89,100,13.8
500,Kalyazin,RU,2022-11-15 02:52:56,57.2403,37.8433,26.62,80,95,4.79
501,Te Anau,NZ,2022-11-15 02:50:08,-45.4167,167.7167,65.39,43,100,7.02
502,Dauriya,RU,2022-11-15 02:53:56,49.9333,116.8667,23.11,68,31,10.31
503,Petropavlovka,RU,2022-11-15 02:53:57,50.6114,105.3196,24.19,70,79,4.14
504,Sinop,TR,2022-11-15 02:53:57,41.7711,34.8709,42.51,85,19,4.16
505,Birjand,IR,2022-11-15 02:53:57,32.8663,59.2211,36.07,32,0,6.91
506,Mount Vernon,US,2022-11-15 02:53:58,40.9126,-73.8371,40.66,63,16,5.01
507,Cornwall,CA,2022-11-15 02:53:58,45.0181,-74.7281,30.85,60,43,4.43
508,Luwuk,ID,2022-11-15 02:53:58,-0.9516,122.7875,87.57,65,100,3.09
509,Severo-Yeniseyskiy,RU,2022-11-15 02:53:59,60.3725,93.0408,5.11,95,100,5.03
510,Kambove,CD,2022-11-15 02:53:59,-10.8764,26.5969,61.38,98,100,2.73
511,Inuvik,CA,2022-11-15 02:53:59,68.3499,-133.7218,14.86,85,100,14.97
512,Kidal,ML,2022-11-15 02:53:45,18.4411,1.4078,70.05,19,93,11.16
513,Mirnyy,RU,2022-11-15 02:54:00,62.5353,113.9611,-21.77,68,11,1.19
514,Sikeston,US,2022-11-15 02:54:00,36.8767,-89.5879,42.76,65,0,0.0
515,Fougamou,GA,2022-11-15 02:54:01,-1.2154,10.5838,70.32,99,82,2.3
516,Kudahuvadhoo,MV,2022-11-15 02:54:01,2.6708,72.8944,81.23,76,53,12.91
517,Luganville,VU,2022-11-15 02:54:01,-15.5333,167.1667,83.43,71,48,2.48
518,Thunder Bay,CA,2022-11-15 02:54:02,48.4001,-89.3168,28.38,86,100,17.27
519,Upata,VE,2022-11-15 02:54:02,8.0086,-62.3989,74.19,92,20,4.63
520,Rocha,UY,2022-11-15 02:54:03,-34.4833,-54.3333,62.78,81,100,14.52
521,Shreveport,US,2022-11-15 02:52:20,32.5251,-93.7502,43.14,88,100,12.66
522,Alyangula,AU,2022-11-15 02:54:03,-13.8483,136.4192,76.87,100,75,3.44
523,Randudongkal,ID,2022-11-15 02:54:04,-7.0981,109.3243,85.21,68,71,4.09
524,Beyneu,KZ,2022-11-15 02:54:04,45.3167,55.2,36.37,61,95,20.47
525,Kamenka,RU,2022-11-15 02:54:04,51.3223,42.7678,26.17,82,7,10.49
526,Marsh Harbour,BS,2022-11-15 02:54:05,26.5412,-77.0636,78.3,75,2,12.24
527,Grindavik,IS,2022-11-15 02:54:05,63.8424,-22.4338,41.9,100,0,9.22
528,Zabol,AF,2022-11-15 02:54:05,32.25,67.25,40.89,42,0,3.2
529,Gat,IL,2022-11-15 02:50:02,31.61,34.7642,66.07,100,11,2.71
530,Ulagan,RU,2022-11-15 02:54:06,50.6321,87.9563,23.13,70,100,4.81
531,Lazurne,UA,2022-11-15 02:54:06,46.084,32.5295,43.77,72,96,10.2
532,Kumphawapi,TH,2022-11-15 02:54:07,17.1087,103.0149,84.09,61,52,5.84
533,Altay,CN,2022-11-15 02:54:07,47.8667,88.1167,32.7,38,80,3.87
534,Ardesen,TR,2022-11-15 02:54:07,41.1911,40.9875,55.22,70,61,4.05
535,Mayor Pablo Lagerenza,PY,2022-11-15 02:54:08,-19.9309,-60.7718,71.46,73,0,3.38
536,Dongsheng,CN,2022-11-15 02:54:08,39.8161,109.9776,37.8,25,0,10.2
537,Turbat,PK,2022-11-15 02:54:09,26.0023,63.044,74.55,26,0,5.57
538,Bambanglipuro,ID,2022-11-15 02:54:09,-7.95,110.2833,83.79,72,100,2.86
539,Wagar,SD,2022-11-15 02:54:09,16.1525,36.2032,75.81,63,0,5.68
540,Saint-Georges,GD,2022-11-15 02:50:24,12.0564,-61.7485,82.08,78,20,18.41
541,Sur,OM,2022-11-15 02:54:10,22.5667,59.5289,78.71,53,0,5.84
542,Hambantota,LK,2022-11-15 02:54:10,6.1241,81.1185,77.34,100,75,1.14
543,Torbay,CA,2022-11-15 02:54:11,47.6666,-52.7314,44.28,85,100,26.46
544,Nishihara,JP,2022-11-15 02:54:11,26.1842,127.7558,73.06,81,100,13.8
545,Avera,US,2022-11-15 02:54:11,33.194,-82.5271,51.31,54,100,9.22
546,Kaseda,JP,2022-11-15 02:54:12,31.4167,130.3167,63.25,61,100,18.28
547,Vila,PT,2022-11-15 02:54:12,42.0304,-8.1588,49.08,91,100,10.25
548,Yablonovo,RU,2022-11-15 02:55:12,50.8523,37.3574,27.07,72,9,3.65
549,Kemin,KG,2022-11-15 02:55:13,42.7846,75.6892,38.59,54,74,4.47
550,Karaton,ID,2022-11-15 02:55:13,-6.3424,106.1045,79.77,82,100,5.28
551,Coquimbo,CL,2022-11-15 02:52:34,-29.9533,-71.3436,60.53,82,0,2.3
552,Storsteinnes,NO,2022-11-15 02:55:14,69.2408,19.2344,33.39,98,89,2.93
553,Merauke,ID,2022-11-15 02:55:14,-8.4667,140.3333,85.35,69,97,7.27
554,Champerico,GT,2022-11-15 02:52:03,14.3,-91.9167,79.92,80,15,4.41
555,Savannah Bight,HN,2022-11-15 02:55:15,16.45,-85.85,82.92,74,59,14.45
556,Cap Malheureux,MU,2022-11-15 02:52:08,-19.9842,57.6142,72.46,60,0,3.0
557,Ust-Maya,RU,2022-11-15 02:55:15,60.4167,134.5333,-16.87,93,99,4.92
558,Mitsamiouli,KM,2022-11-15 02:55:16,-11.3847,43.2844,78.13,81,9,8.5
559,Pavlodar,KZ,2022-11-15 02:55:16,52.3,76.95,35.4,87,40,15.66
560,Ancud,CL,2022-11-15 02:55:17,-41.8697,-73.8203,54.1,97,100,14.2
561,Moree,AU,2022-11-15 02:55:17,-29.4667,149.85,77.7,34,19,15.03
562,College,US,2022-11-15 02:55:18,64.8569,-147.8028,27.59,94,100,3.44
563,Corrente,BR,2022-11-15 02:55:18,-3.7367,-43.3394,73.17,96,100,3.24
564,Annau,TM,2022-11-15 02:55:18,37.8876,58.516,47.7,66,100,4.61
565,Bradley,US,2022-11-15 02:55:13,35.1501,-84.8666,42.55,89,74,0.72
566,Inirida,CO,2022-11-15 02:55:19,3.8653,-67.9239,76.6,90,69,2.75
567,Bulgan,MN,2022-11-15 02:55:19,48.8125,103.5347,27.63,56,6,3.36
568,Elliot,ZA,2022-11-15 02:55:20,-31.3333,27.85,53.01,57,23,7.23
569,Dicabisagan,PH,2022-11-15 02:55:21,17.0818,122.4157,82.26,78,42,5.66
570,Roanoke,US,2022-11-15 02:51:43,37.271,-79.9414,40.01,80,0,0.0
571,Krasnogvardeyskoye,RU,2022-11-15 02:55:21,45.8456,41.5186,32.47,80,0,5.19
572,Aurad,IN,2022-11-15 02:55:22,18.25,77.4333,70.7,57,1,3.0
573,Voineasa,RO,2022-11-15 02:55:22,44.2833,24.1333,46.62,93,75,2.3
574,Ahipara,NZ,2022-11-15 02:55:22,-35.1667,173.1667,63.73,86,100,11.88
575,Mugumu,TZ,2022-11-15 02:55:23,-1.85,34.7,59.85,87,97,2.19
576,Itarema,BR,2022-11-15 02:51:13,-2.9248,-39.9167,79.45,74,56,13.11
577,Labytnangi,RU,2022-11-15 02:55:23,66.6572,66.4183,-2.69,91,100,5.41
578,Mackay,AU,2022-11-15 02:55:24,-21.15,149.2,81.86,69,73,16.02
579,Goure,NE,2022-11-15 02:55:24,13.9835,10.2704,65.1,27,73,8.97
580,Puerto Escondido,MX,2022-11-15 02:55:24,15.85,-97.0667,80.17,83,14,2.8
581,Baculin,PH,2022-11-15 02:55:25,7.4525,126.5842,86.58,68,99,7.72
582,San Jeronimo,PE,2022-11-15 02:55:25,-11.9472,-75.2829,52.52,75,94,2.46
583,Salaga,GH,2022-11-15 02:55:25,8.5508,-0.5188,76.35,62,9,3.31
584,Loja,EC,2022-11-15 02:55:26,-3.9931,-79.2042,56.84,94,85,1.5
585,Mokhsogollokh,RU,2022-11-15 02:55:26,61.4681,128.9203,-21.15,92,96,6.42
586,Alugan,PH,2022-11-15 02:55:27,12.2188,125.4808,82.24,85,100,11.56
587,Margate,GB,2022-11-15 02:51:52,51.3813,1.3862,55.9,82,100,3.0
588,Kampong Thum,KH,2022-11-15 02:55:27,12.7111,104.8887,85.6,64,82,8.25
589,Kumluca,TR,2022-11-15 02:55:28,36.3703,30.2869,62.08,34,100,5.79
590,Padang,ID,2022-11-15 02:55:28,-0.9492,100.3543,80.65,83,99,3.09
591,Moosomin,CA,2022-11-15 02:55:28,50.1333,-101.6677,5.36,99,92,5.79
592,Kurchum,KZ,2022-11-15 02:55:29,48.5722,83.6542,41.74,40,100,17.69
593,Punto Fijo,VE,2022-11-15 02:56:29,11.6956,-70.1996,80.67,81,92,18.7
594,Zhoucun,CN,2022-11-15 02:56:29,36.8167,117.8167,56.7,35,0,8.81
595,Port Hawkesbury,CA,2022-11-15 02:56:30,45.6169,-61.3485,40.59,86,75,17.27
596,Marrakesh,MA,2022-11-15 02:56:30,31.6315,-8.0083,62.67,45,40,3.44
597,Chumikan,RU,2022-11-15 02:56:30,54.7183,135.315,19.45,78,44,16.78
598,Burns Lake,CA,2022-11-15 02:56:31,54.2331,-125.7533,26.02,99,99,1.68
599,San Ramon,US,2022-11-15 02:56:31,37.7799,-121.978,54.82,64,0,3.0
600,Fare,PF,2022-11-15 02:56:31,-16.7,-151.0167,79.12,75,98,3.65
601,Palmer,US,2022-11-15 02:54:01,42.1584,-72.3287,31.91,73,20,0.0
602,Prosperidad,PH,2022-11-15 02:56:32,10.5161,123.3064,78.8,74,99,6.26
603,Kudymkar,RU,2022-11-15 02:56:32,59.0173,54.656,12.79,83,100,10.98
604,Flin Flon,CA,2022-11-15 02:53:40,54.7682,-101.865,5.85,99,62,3.04
605,Yulara,AU,2022-11-15 02:56:33,-25.2406,130.9889,80.06,20,70,9.71
606,Abong Mbang,CM,2022-11-15 02:56:33,3.9833,13.1833,70.05,78,100,2.82
607,Yalova,TR,2022-11-15 02:56:34,40.655,29.2769,56.34,82,85,6.2
608,Ust-Nera,RU,2022-11-15 02:53:29,64.5667,143.2,-10.73,97,100,6.08
609,Adrar,MR,2022-11-15 02:56:34,20.5022,-10.0711,78.3,20,90,15.3
610,Havre-Saint-Pierre,CA,2022-11-15 02:53:43,50.2334,-63.5986,24.8,74,100,13.8
611,Awbari,LY,2022-11-15 02:56:35,26.5921,12.7805,55.26,44,14,2.46
612,Camabatela,AO,2022-11-15 02:56:35,-8.1881,15.375,59.29,84,100,3.29
613,Laguna,US,2022-11-15 02:56:36,38.421,-121.4238,52.05,70,0,0.0
614,Chibuto,MZ,2022-11-15 02:56:36,-24.6867,33.5306,64.58,81,0,4.27
615,Sanawad,IN,2022-11-15 02:56:36,22.1833,76.0667,70.5,43,0,5.1
616,Yanji,CN,2022-11-15 02:56:37,42.9075,129.5078,38.3,44,5,9.37
617,Kalnibolotskaya,RU,2022-11-15 02:56:37,46.0058,40.4568,33.58,76,0,5.17
618,Karratha,AU,2022-11-15 02:56:37,-20.7377,116.8463,84.85,39,5,11.14
619,Kholtoson,RU,2022-11-15 02:56:38,50.2981,103.3097,27.18,61,57,3.38
620,Cedartown,US,2022-11-15 02:56:38,34.0537,-85.255,46.27,58,100,9.46
621,Khor,RU,2022-11-15 02:56:39,47.8861,134.9464,30.97,35,16,9.19
622,Constantine,DZ,2022-11-15 02:56:39,36.365,6.6147,47.61,71,20,1.14
623,Shingu,JP,2022-11-15 02:56:39,33.7333,135.9833,64.58,39,73,0.94
624,Pacific Grove,US,2022-11-15 02:53:09,36.6177,-121.9166,52.02,82,0,3.44
625,Pangody,RU,2022-11-15 02:56:40,65.85,74.4859,-11.42,85,92,11.05
626,Lavrentiya,RU,2022-11-15 02:56:40,65.5833,-171.0,21.83,89,19,7.99
627,Shenzhen,CN,2022-11-15 02:53:31,22.5455,114.0683,79.93,99,100,2.51
628,Perth,AU,2022-11-15 02:56:41,-31.9333,115.8333,79.03,33,0,12.66
629,Lafayette,US,2022-11-15 02:56:41,30.2335,-92.0668,59.02,93,100,8.99
630,Kentau,KZ,2022-11-15 02:56:41,43.5206,68.5094,41.59,85,100,14.34
631,Forbes,AU,2022-11-15 02:56:42,-33.3833,148.0167,61.34,61,100,9.53
632,Roberval,CA,2022-11-15 02:56:42,48.5168,-72.2324,30.15,80,100,3.44
633,Petropavlovsk-Kamchatskiy,RU,2022-11-15 02:56:43,53.0452,158.6483,34.39,55,75,13.42
634,Mogok,MM,2022-11-15 02:57:43,22.9167,96.5,72.72,53,0,1.19
635,Minna,NG,2022-11-15 02:57:43,9.6139,6.5569,71.31,56,0,4.61
636,Novyy Urengoy,RU,2022-11-15 02:57:44,66.0833,76.6333,-12.66,85,65,10.18
637,Calvinia,ZA,2022-11-15 02:57:44,-31.4707,19.776,59.94,35,3,4.59
638,Rawson,AR,2022-11-15 02:57:44,-43.3002,-65.1023,66.47,46,33,10.33
639,Kapuskasing,CA,2022-11-15 02:57:45,49.4169,-82.4331,21.29,93,100,5.75
640,Shache,CN,2022-11-15 02:57:45,38.4167,77.2406,39.79,32,0,1.28
641,Hovd,MN,2022-11-15 02:57:45,48.0056,91.6419,30.65,22,36,2.64
642,Umm Lajj,SA,2022-11-15 02:57:46,25.0213,37.2685,76.77,60,0,4.32
643,Raudeberg,NO,2022-11-15 02:57:46,61.9875,5.1352,53.87,65,100,7.2
644,Nemuro,JP,2022-11-15 02:57:46,43.3236,145.575,43.2,70,99,7.54
645,Pasinler,TR,2022-11-15 02:55:17,39.9803,41.6764,16.79,83,21,0.49
646,Svetlaya,RU,2022-11-15 02:57:47,46.5389,138.3297,35.22,45,25,1.1
647,Jagdalpur,IN,2022-11-15 02:57:47,19.0667,82.0333,66.56,54,6,3.53
648,Acarau,BR,2022-11-15 02:57:47,-2.8856,-40.12,79.2,77,47,13.27
649,Rio Cuarto,AR,2022-11-15 02:57:48,-33.1307,-64.3499,64.17,45,0,0.0
650,Dhidhdhoo,MV,2022-11-15 02:57:48,6.8833,73.1,81.48,75,100,4.88
651,Tilichiki,RU,2022-11-15 02:57:49,60.4667,166.1,30.42,95,100,15.66
652,Timmins,CA,2022-11-15 02:57:49,48.4669,-81.3331,22.82,86,75,6.91
653,Shizunai,JP,2022-11-15 02:57:49,42.3339,142.3669,45.84,71,87,4.05
654,Lompoc,US,2022-11-15 02:57:50,34.6391,-120.4579,51.01,86,0,5.01
655,Maniitsoq,GL,2022-11-15 02:57:50,65.4167,-52.9,25.47,82,95,11.36
656,Ozernovskiy,RU,2022-11-15 02:57:50,51.5,156.5167,35.01,91,100,25.08
657,Rabo De Peixe,PT,2022-11-15 02:57:51,37.8,-25.5833,63.28,98,75,6.91
658,Hudiksvall,SE,2022-11-15 02:57:51,61.729,17.1036,38.53,85,22,10.11
659,Omboue,GA,2022-11-15 02:57:51,-1.5746,9.2618,74.68,92,98,6.06
660,Upington,ZA,2022-11-15 02:57:52,-28.4478,21.2561,57.58,28,0,3.44
661,Swellendam,ZA,2022-11-15 02:57:52,-34.0226,20.4417,62.87,54,2,5.95
662,Bodden Town,KY,2022-11-15 02:57:52,19.2833,-81.25,81.93,79,20,8.05
663,Barbalha,BR,2022-11-15 02:57:53,-7.3111,-39.3042,76.8,83,40,6.91
664,Sembakung,ID,2022-11-15 02:57:53,3.8167,117.25,90.36,55,100,1.95
665,Whitehaven,GB,2022-11-15 02:57:53,54.549,-3.5841,51.66,100,100,13.0
666,Broken Hill,AU,2022-11-15 02:57:54,-31.95,141.4333,60.94,41,94,11.54
667,Pangnirtung,CA,2022-11-15 02:57:54,66.1451,-65.7125,4.8,95,100,2.77
668,Shubarkuduk,KZ,2022-11-15 02:57:54,49.1447,56.4872,23.85,83,100,20.58
669,Batagay,RU,2022-11-15 02:57:55,67.6333,134.6333,-27.83,100,72,2.17
670,Werda,BW,2022-11-15 02:57:55,-25.2667,23.2833,69.3,59,1,16.73
671,Dasoguz,TM,2022-11-15 02:57:55,41.8363,59.9666,37.35,87,0,9.22
672,Gurupa,BR,2022-11-15 02:57:56,-1.405,-51.64,75.65,88,54,4.56
673,Winnemucca,US,2022-11-15 02:53:45,40.973,-117.7357,32.05,59,0,6.91
674,Okahandja,NA,2022-11-15 02:57:56,-21.9833,16.9167,64.69,32,0,4.12
675,Kenai,US,2022-11-15 02:57:57,60.5544,-151.2583,33.15,100,0,3.44
676,Nicoya,CR,2022-11-15 02:57:57,10.1483,-85.452,74.03,94,92,1.99
677,Mahibadhoo,MV,2022-11-15 02:57:57,3.7833,72.9667,81.1,78,86,11.68
678,Novikovo,RU,2022-11-15 02:57:58,51.1537,37.8879,28.11,72,9,4.41
679,Kushiro,JP,2022-11-15 02:57:58,42.975,144.3747,45.55,61,40,5.75
680,Coalinga,US,2022-11-15 02:56:45,36.1397,-120.3602,50.95,51,4,1.41
681,Yelizovo,RU,2022-11-15 02:57:58,53.1873,158.3805,35.74,55,75,13.42
682,Qui Nhon,VN,2022-11-15 02:58:59,13.7667,109.2333,79.9,85,77,11.12
683,La Paz,BO,2022-11-15 02:58:59,-16.5,-68.15,51.78,49,20,9.22
684,Ilebo,CD,2022-11-15 02:59:00,-4.3167,20.5833,70.2,99,100,1.07
685,Kattivakkam,IN,2022-11-15 02:56:05,13.2167,80.3167,78.89,72,98,12.01
686,Ulaanbaatar,MN,2022-11-15 02:56:12,47.9077,106.8832,8.73,78,20,0.0
687,Montivilliers,FR,2022-11-15 02:59:00,49.5452,0.1877,52.57,76,0,12.66
688,Matagami,CA,2022-11-15 02:59:01,49.7502,-77.6328,23.11,86,100,12.66
689,San Juan,AR,2022-11-15 02:54:23,-31.5375,-68.5364,73.17,29,0,7.58
690,Acajutla,SV,2022-11-15 02:59:01,13.5928,-89.8275,78.94,76,88,5.28
691,Egvekinot,RU,2022-11-15 02:59:01,66.3167,-179.1667,10.35,99,99,1.01
692,Conceicao Do Araguaia,BR,2022-11-15 02:59:02,-8.2578,-49.2647,75.24,89,100,1.36
693,Saint-Leu,RE,2022-11-15 02:59:02,-21.15,55.2833,73.31,65,12,10.87
694,Marshall,US,2022-11-15 02:56:40,34.3834,-86.3333,49.71,52,0,9.22
695,Guadalajara,MX,2022-11-15 02:57:09,20.6667,-103.3333,61.12,56,91,2.62
696,Anloga,GH,2022-11-15 02:59:03,5.7947,0.8973,80.49,77,10,6.76
697,Sola,VU,2022-11-15 02:59:03,-13.8833,167.55,86.67,66,1,0.0
698,Coronado,US,2022-11-15 02:54:13,32.6859,-117.1831,60.58,70,51,8.01
699,Kisangani,CD,2022-11-15 02:59:04,0.5167,25.2,67.93,99,60,1.34
700,Pringsewu,ID,2022-11-15 02:59:04,-5.3582,104.9744,87.19,57,100,2.33
701,Yarada,IN,2022-11-15 02:59:05,17.65,83.2667,75.52,73,0,4.61
702,Jiangyou,CN,2022-11-15 02:59:05,31.7667,104.7167,56.32,72,47,4.16
703,Havoysund,NO,2022-11-15 02:59:05,70.9963,24.6622,41.23,71,100,27.04
704,Manati,PR,2022-11-15 02:59:06,18.4275,-66.4921,79.68,98,59,6.76
705,La Rioja,ES,2022-11-15 02:59:06,42.25,-2.5,42.58,73,100,12.59
706,Buraydah,SA,2022-11-15 02:56:11,26.326,43.975,63.05,31,61,8.14
707,Dalby,AU,2022-11-15 02:59:07,-27.1833,151.2667,82.98,26,0,3.0
708,Port-Cartier,CA,2022-11-15 02:59:07,50.0334,-66.8654,26.28,88,88,7.45
709,Dublyany,UA,2022-11-15 02:59:07,49.9041,24.0864,38.44,92,63,5.3
710,Asuncion,PY,2022-11-15 02:59:08,-25.3007,-57.6359,63.9,82,0,0.0
711,Muroto,JP,2022-11-15 02:59:08,33.2833,134.15,62.85,52,39,7.18
712,Zhanaozen,KZ,2022-11-15 02:59:09,43.3,52.8,38.41,74,77,11.7
713,Sohag,EG,2022-11-15 02:59:09,26.557,31.6948,62.89,60,0,8.1
714,Vagur,FO,2022-11-15 02:59:09,61.4732,-6.8119,49.71,83,100,36.82
715,Praia Da Vitoria,PT,2022-11-15 02:59:10,38.7333,-27.0667,61.05,88,75,10.27
716,Majene,ID,2022-11-15 02:59:10,-3.5403,118.9707,85.84,69,100,6.69
717,Houlton,US,2022-11-15 02:59:10,46.1262,-67.8403,29.71,76,12,10.29
718,Bam,IR,2022-11-15 02:59:11,29.106,58.357,57.43,52,4,0.98
719,Sumbe,AO,2022-11-15 02:59:11,-11.2061,13.8437,72.3,82,84,3.78
720,Fort Nelson,CA,2022-11-15 02:59:12,58.8053,-122.7002,24.94,96,40,3.44
721,Asenovgrad,BG,2022-11-15 02:59:12,42.0167,24.8667,42.51,100,100,2.3
722,Agogo,GH,2022-11-15 02:59:12,6.8,-1.0819,68.58,97,13,3.13
723,Los Aquijes,PE,2022-11-15 02:59:13,-14.0967,-75.6908,65.59,70,55,1.83
724,Okha,RU,2022-11-15 02:59:13,53.5739,142.9478,27.9,69,22,11.03
725,Dubbo,AU,2022-11-15 02:59:13,-32.25,148.6167,68.13,45,40,16.11
726,Bilibino,RU,2022-11-15 02:59:14,68.0546,166.4372,-18.15,100,98,2.66
727,Riyadh,SA,2022-11-15 02:56:12,24.6877,46.7219,68.14,35,0,8.48
728,Tocopilla,CL,2022-11-15 02:54:40,-22.092,-70.1979,63.1,78,38,3.24
729,Moroni,KM,2022-11-15 03:00:14,-11.7022,43.2551,76.57,80,6,3.6
730,Weyburn,CA,2022-11-15 03:00:11,49.6668,-103.8511,-2.69,100,61,4.12
731,Lleida,ES,2022-11-15 03:00:15,41.6167,0.6167,60.67,89,75,4.61
732,Veinticinco De Mayo,AR,2022-11-15 03:00:16,-35.4323,-60.1727,57.97,83,0,1.01
733,Camacha,PT,2022-11-15 03:00:17,33.0833,-16.3333,63.82,88,20,3.44
734,Isangel,VU,2022-11-15 03:00:18,-19.55,169.2667,82.26,59,0,7.81
735,Pembroke,CA,2022-11-15 03:00:18,45.8168,-77.1162,24.19,77,96,3.49
736,Bourail,NC,2022-11-15 03:00:19,-21.5667,165.4833,81.63,58,0,11.32
737,Tondano,ID,2022-11-15 03:00:19,1.3038,124.9112,82.49,70,98,0.43
738,Kamaishi,JP,2022-11-15 03:00:20,39.2667,141.8833,54.46,49,11,5.37
739,Panzhihua,CN,2022-11-15 03:00:20,26.5851,101.7128,65.21,50,0,1.01
740,El Dorado,US,2022-11-15 02:57:35,38.7666,-120.5177,43.32,81,0,3.0
741,Casa Grande,US,2022-11-15 03:00:21,32.8795,-111.7573,54.82,40,0,3.44
742,Togul,RU,2022-11-15 03:00:22,53.465,85.9128,37.18,86,100,9.86
743,Sambava,MG,2022-11-15 03:00:23,-14.2667,50.1667,71.64,84,9,4.12
744,Killam,CA,2022-11-15 03:00:06,52.7834,-111.8518,4.62,100,72,3.83
745,Tuy Hoa,VN,2022-11-15 03:00:24,13.0833,109.3,80.04,86,86,9.55
746,Colchester,GB,2022-11-15 03:00:25,51.8892,0.9042,51.15,87,100,12.17
747,Rajur,IN,2022-11-15 03:00:25,20.1167,78.9167,67.98,54,4,3.71
748,Zyryanka,RU,2022-11-15 03:00:26,65.75,150.85,-25.46,93,47,3.42
749,Brunswick,US,2022-11-15 03:00:26,41.2381,-81.8418,35.47,74,66,4.0
750,Oranjestad,AW,2022-11-15 03:00:27,12.524,-70.027,81.91,88,54,1.99
751,Porto Novo,BJ,2022-11-15 03:00:28,6.4965,2.6036,77.27,86,35,3.36
752,Independence,US,2022-11-15 03:00:23,39.0911,-94.4155,34.95,90,100,3.44
753,Oum Hadjer,TD,2022-11-15 03:00:28,13.2954,19.6966,72.9,26,29,9.57
754,Maizuru,JP,2022-11-15 03:00:29,35.45,135.3333,61.57,48,28,5.01
755,Cairns,AU,2022-11-15 03:00:29,-16.9167,145.7667,102.07,68,44,10.36
756,Remigio,BR,2022-11-15 03:00:30,-6.9333,-35.7833,69.28,93,78,8.57
757,Nioki,CD,2022-11-15 03:00:30,-2.7167,17.6833,70.47,98,100,2.08
758,Wellington,NZ,2022-11-15 03:00:25,-41.2866,174.7756,73.06,56,9,18.41
759,Ilo,PE,2022-11-15 03:00:31,-17.6394,-71.3375,63.75,79,60,1.28
760,Teluk Nibung,ID,2022-11-15 03:00:32,3.001,99.8164,76.01,93,100,3.62
761,Coleraine,GB,2022-11-15 03:00:33,55.1333,-6.6667,51.76,92,100,27.47
762,Bogorodskoye,RU,2022-11-15 03:00:33,56.55,37.8833,26.04,82,83,4.27
763,Bowen,AU,2022-11-15 03:00:34,-20.0167,148.2333,82.09,67,78,12.12
764,Agropoli,IT,2022-11-15 03:00:34,40.3469,14.9966,57.09,82,96,2.48
765,Bereda,ES,2022-11-15 03:00:35,43.2686,-7.5406,56.41,100,100,11.56
766,Ciudad Bolivar,VE,2022-11-15 03:00:35,8.1222,-63.5497,78.26,82,30,10.29
767,Lasa,IT,2022-11-15 02:58:28,46.6166,10.7002,35.02,80,14,0.83
768,Bandarbeyla,SO,2022-11-15 03:00:35,9.4942,50.8122,76.73,73,8,13.29
769,Meridian,US,2022-11-15 03:00:36,43.6121,-116.3915,31.91,81,4,1.99
770,Danane,CI,2022-11-15 03:00:37,7.2596,-8.155,68.31,99,25,1.43
771,Rusape,ZW,2022-11-15 03:00:37,-18.5278,32.1284,58.86,98,100,4.85
772,Beboto,TD,2022-11-15 03:00:38,8.2668,16.939,71.08,42,5,1.72
773,Mazagao,BR,2022-11-15 03:00:38,-0.115,-51.2894,75.49,86,9,4.21
774,Devecser,HU,2022-11-15 03:00:39,47.1032,17.438,42.12,78,99,4.47
775,Isiro,CD,2022-11-15 03:01:39,2.7739,27.616,64.6,97,94,2.13
776,The Pas,CA,2022-11-15 03:01:39,53.8251,-101.2541,1.18,100,44,2.8
777,Vallenar,CL,2022-11-15 03:01:40,-28.5708,-70.7581,71.35,31,56,3.89
778,Kailua,US,2022-11-15 03:01:40,21.4022,-157.7394,82.02,71,4,5.01
779,Black River,JM,2022-11-15 03:01:41,18.0264,-77.8487,77.18,86,0,4.41
780,Jiaonan,CN,2022-11-15 03:01:41,35.8786,119.9753,55.26,43,0,6.71
781,Nalut,LY,2022-11-15 03:01:41,30.3333,10.85,56.77,37,5,5.5
782,Babina,IN,2022-11-15 03:01:42,25.25,78.4667,70.47,39,0,1.88
783,Hualmay,PE,2022-11-15 03:01:42,-11.0964,-77.6139,63.64,85,17,7.63
784,Kaohsiung,TW,2022-11-15 03:01:42,22.6163,120.3133,81.03,74,40,6.91
785,Khorixas,NA,2022-11-15 03:01:43,-20.3667,14.9667,61.7,47,0,2.15
786,Tabuk,PH,2022-11-15 03:01:43,17.4189,121.4443,84.79,67,25,2.91
787,Okakarara,NA,2022-11-15 03:01:43,-20.5833,17.4333,64.6,29,9,8.05
788,Nantucket,US,2022-11-15 03:00:07,41.2835,-70.0995,40.14,64,0,11.65
789,Amahai,ID,2022-11-15 03:01:44,-3.3333,128.9167,86.99,65,69,5.1
790,Zhovtneve,UA,2022-11-15 03:01:44,50.6637,24.2492,38.57,93,64,6.49
791,Copiapo,CL,2022-11-15 03:01:45,-27.3667,-70.3333,55.09,36,82,0.65
792,Madimba,TZ,2022-11-15 03:01:45,-10.4,40.3333,75.6,85,24,5.61
793,Nuuk,GL,2022-11-15 03:01:46,64.1835,-51.7216,25.41,100,100,4.61
794,Mokobeng,BW,2022-11-15 03:01:46,-22.9965,27.6678,63.7,77,0,9.89
795,Sao Geraldo Do Araguaia,BR,2022-11-15 03:01:47,-6.4006,-48.555,75.0,90,85,1.86
796,Brae,GB,2022-11-15 03:01:47,60.3964,-1.353,51.46,87,100,29.1
797,Mandalgovi,MN,2022-11-15 03:01:47,45.7625,106.2708,32.97,29,3,9.48
798,Kahului,US,2022-11-15 03:01:48,20.8947,-156.47,78.84,79,3,10.0
799,Ulladulla,AU,2022-11-15 03:01:27,-35.35,150.4667,65.75,55,31,10.27
800,Samarai,PG,2022-11-15 03:01:48,-10.6167,150.6667,84.88,72,100,11.77
801,Evensk,RU,2022-11-15 02:57:22,61.95,159.2333,18.28,68,100,21.61
802,Sistranda,NO,2022-11-15 03:01:49,63.7256,8.834,44.56,84,100,25.57
803,Itaberaba,BR,2022-11-15 03:01:49,-12.5275,-40.3069,73.76,84,61,5.79
804,Torzhok,RU,2022-11-15 03:01:49,57.0436,34.9622,30.72,76,100,3.87
805,Polyarnyy,RU,2022-11-15 03:01:50,69.1989,33.4478,26.13,89,66,7.07
806,Klyuchi,RU,2022-11-15 03:01:50,52.2667,79.1667,40.89,72,100,19.77
807,Yenagoa,NG,2022-11-15 03:01:51,4.9247,6.2642,74.82,91,36,3.53
808,Iracoubo,GF,2022-11-15 03:01:51,5.4802,-53.2011,79.02,84,17,11.41
809,Frontera,MX,2022-11-15 03:01:51,26.9333,-101.45,63.32,44,3,3.0
810,Waipawa,NZ,2022-11-15 02:57:50,-41.4122,175.5153,69.49,53,7,4.41
811,Nabire,ID,2022-11-15 03:01:52,-3.3667,135.4833,87.6,60,76,5.26
812,Mareeba,AU,2022-11-15 03:01:52,-17.0,145.4333,97.45,39,71,7.07
813,Pauini,BR,2022-11-15 03:01:53,-7.7136,-66.9764,72.91,97,97,3.15
814,Whitefish,US,2022-11-15 03:00:06,48.4111,-114.3376,15.24,98,85,1.48
815,Nioro,GM,2022-11-15 03:01:53,13.35,-15.75,75.63,63,100,6.55
816,Kulhudhuffushi,MV,2022-11-15 03:01:54,6.6221,73.07,81.48,75,100,5.26
817,Nhulunbuy,AU,2022-11-15 03:01:54,-12.2333,136.7667,92.01,55,75,11.5
818,Acapulco,MX,2022-11-15 03:00:04,16.8634,-99.8901,78.84,85,1,6.71
819,Apatou,GF,2022-11-15 03:01:55,5.155,-54.3472,73.92,95,31,3.47
820,Kuragino,RU,2022-11-15 03:01:55,53.8975,92.6725,30.42,81,100,4.43
821,Puerto Ayacucho,VE,2022-11-15 03:01:55,5.6639,-67.6236,77.27,88,49,5.12
822,Mangrol,IN,2022-11-15 03:01:56,21.1167,70.1167,77.34,46,1,6.91
823,Orchard Homes,US,2022-11-15 03:01:15,46.8633,-114.0484,12.92,97,36,1.32
824,Belle Glade,US,2022-11-15 03:00:05,26.6845,-80.6676,75.06,80,0,7.96
825,Atherton,GB,2022-11-15 03:02:57,53.5237,-2.4935,50.29,88,100,3.0
826,Brodina,RO,2022-11-15 03:02:57,47.8833,25.4167,40.23,66,11,4.0
827,Noumea,NC,2022-11-15 03:02:58,-22.2763,166.4572,87.78,61,1,11.45
828,Bandar-E Lengeh,IR,2022-11-15 03:02:58,26.5579,54.8807,77.94,39,0,9.64
829,Soloneshnoye,RU,2022-11-15 03:02:58,51.6544,84.3197,36.9,77,100,6.62
830,Sosnovo-Ozerskoye,RU,2022-11-15 03:02:59,52.5249,111.5418,23.27,74,65,13.38
831,Tamparan,PH,2022-11-15 03:02:59,7.8792,124.3331,84.06,55,99,3.06
832,Viesca,MX,2022-11-15 03:03:00,25.35,-102.8,68.68,19,1,3.8
833,Ambon,ID,2022-11-15 03:03:00,-3.6954,128.1814,89.74,70,40,8.05
834,Sakaraha,MG,2022-11-15 03:03:00,-22.9,44.5333,71.83,79,91,2.91
835,Kupino,RU,2022-11-15 03:03:01,54.3663,77.2981,36.07,96,100,17.27
836,Bahia Honda,CU,2022-11-15 03:03:01,22.9036,-83.1592,75.24,89,2,7.76
837,Glubczyce,PL,2022-11-15 03:03:02,50.2009,17.8286,42.85,76,11,9.6
838,Ust-Uda,RU,2022-11-15 03:03:03,54.1742,103.0304,33.17,79,99,5.41
839,Ostersund,SE,2022-11-15 03:01:14,63.1792,14.6357,32.45,100,6,3.0
840,Imbituba,BR,2022-11-15 03:03:03,-28.24,-48.6703,68.79,90,64,4.79
841,Teguise,ES,2022-11-15 02:59:52,29.0605,-13.564,70.02,43,0,8.05
842,Vertientes,CU,2022-11-15 03:03:04,21.2594,-78.1464,75.81,88,0,9.89
843,Cikupa,ID,2022-11-15 03:03:05,-6.2364,106.5083,85.91,86,100,4.92
844,Tual,ID,2022-11-15 03:03:05,-5.6667,132.75,84.27,69,75,1.07
845,Peleduy,RU,2022-11-15 03:03:06,59.6289,112.7406,-14.55,91,11,3.31
846,Pingliang,CN,2022-11-15 03:03:06,35.5392,106.6861,47.89,47,88,4.32
847,Lalganj,IN,2022-11-15 03:03:06,25.8667,85.1833,66.15,39,0,5.41
848,Medicine Hat,CA,2022-11-15 03:00:07,50.0501,-110.6683,15.85,99,43,3.76
849,Vostok,RU,2022-11-15 03:03:07,46.4856,135.8833,25.47,55,14,4.0
850,Ca Mau,VN,2022-11-15 03:03:07,9.1769,105.15,86.68,66,93,14.72
851,Skagen,DK,2022-11-15 03:03:08,57.7209,10.5839,49.89,81,100,16.53
852,Kostomuksha,RU,2022-11-15 03:03:08,64.571,30.5767,32.63,98,100,5.93
853,Makokou,GA,2022-11-15 03:02:19,0.5738,12.8642,68.16,99,80,1.83
854,Santa Barbara,US,2022-11-15 03:00:11,34.7333,-120.0343,49.44,81,0,0.0
855,Redwater,US,2022-11-15 03:03:09,33.3582,-94.2544,41.29,90,99,4.54
856,Ust-Kuyga,RU,2022-11-15 03:03:09,70.0167,135.6,-16.4,98,100,7.2
857,Miyoshi,JP,2022-11-15 03:03:10,35.0833,137.0667,62.94,39,15,10.02
858,Santa Marta,CO,2022-11-15 03:02:34,11.2408,-74.199,80.89,79,23,4.0
859,Umm Bab,QA,2022-11-15 03:03:10,25.2142,50.8072,75.92,63,0,5.19
860,Valley Station,US,2022-11-15 03:03:10,38.1112,-85.8702,42.15,66,87,3.0
861,Port Lincoln,AU,2022-11-15 02:58:54,-34.7333,135.8667,56.53,58,93,12.86
862,Senanga,ZM,2022-11-15 03:03:11,-16.1167,23.2667,64.92,92,100,3.91
863,Nautla,MX,2022-11-15 03:03:12,20.2167,-96.7833,74.46,88,93,6.17
864,Nkoteng,CM,2022-11-15 03:03:12,4.5167,12.0333,69.26,93,98,0.56
865,Gabi,PH,2022-11-15 03:03:13,7.6215,126.092,88.5,63,86,3.4
866,Langenhagen,DE,2022-11-15 03:03:13,52.45,9.75,50.02,93,100,4.61
867,Iguape,BR,2022-11-15 03:03:13,-24.7081,-47.5553,72.0,91,32,5.99
868,Mosetse,BW,2022-11-15 03:03:14,-20.75,26.65,63.0,80,0,13.73
869,Shaunavon,CA,2022-11-15 03:04:14,49.6501,-108.4181,18.03,94,90,13.04
870,Portland,US,2022-11-15 03:02:36,45.5234,-122.6762,47.35,62,0,25.32
871,Lac Du Bonnet,CA,2022-11-15 03:04:15,50.2536,-96.0612,17.31,97,91,5.03
872,Gayny,RU,2022-11-15 03:04:15,60.3071,54.3241,12.22,85,100,9.4
873,Korla,CN,2022-11-15 03:04:15,41.7597,86.1469,35.94,51,9,7.25
874,Orange,US,2022-11-15 03:02:06,33.7,-117.7675,62.56,63,20,1.01
875,Balykshi,KZ,2022-11-15 03:04:16,47.0667,51.8667,30.2,69,75,15.66
876,Peniche,PT,2022-11-15 03:04:16,39.3558,-9.3811,63.1,91,100,19.26
877,Onega,RU,2022-11-15 03:04:17,63.9061,38.1404,32.47,99,100,2.89
878,Giyani,ZA,2022-11-15 03:04:17,-23.3025,30.7187,62.67,88,7,2.82
879,Roros,NO,2022-11-15 03:04:17,62.5747,11.3842,24.64,93,100,2.3
880,Lakeside,US,2022-11-15 03:04:18,30.13,-81.7682,69.94,82,100,9.22
881,Joensuu,FI,2022-11-15 03:04:18,62.6012,29.7632,32.49,100,100,5.75
882,Phalombe,MW,2022-11-15 03:04:19,-15.8064,35.6507,67.95,89,99,2.89
883,Kapoeta,SS,2022-11-15 03:04:19,4.7717,33.5903,75.06,69,75,3.78
884,Tirumullaivasal,IN,2022-11-15 03:04:20,11.2333,79.8333,79.95,78,100,6.98
885,Yaan,NG,2022-11-15 03:04:20,7.3833,8.5667,71.17,41,96,1.97
886,Kupang,ID,2022-11-15 03:04:20,-10.1667,123.5833,90.18,74,40,10.36
887,Byron Bay,AU,2022-11-15 03:04:21,-28.65,153.6167,86.7,55,1,11.52
888,Barabai,ID,2022-11-15 03:04:21,-2.5833,115.3833,81.41,83,100,1.59
889,Khipro,PK,2022-11-15 03:04:22,25.8285,69.3772,71.78,46,35,13.6
890,Laguna De Perlas,NI,2022-11-15 03:04:22,12.3429,-83.6712,78.58,88,100,13.0
891,Magole,TZ,2022-11-15 03:04:23,-6.3667,37.3667,70.66,86,74,1.81
892,Bako,ET,2022-11-15 03:04:23,5.7833,36.5667,61.39,86,48,3.04
893,Mogzon,RU,2022-11-15 03:04:24,51.7435,111.9606,27.57,63,94,10.96
894,Taga,RO,2022-11-15 03:04:24,46.95,24.05,32.32,67,43,1.7
895,Hofn,IS,2022-11-15 03:04:24,64.2539,-15.2082,45.7,93,100,15.17
896,Palmares Do Sul,BR,2022-11-15 03:01:13,-30.2578,-50.5097,66.25,67,0,11.23
897,Walvis Bay,NA,2022-11-15 03:00:56,-22.9575,14.5053,60.1,96,0,5.91
898,East Wenatchee Bench,US,2022-11-15 03:02:46,47.4257,-120.2812,34.88,86,0,3.44
899,Kampene,CD,2022-11-15 03:04:25,-3.6,26.6667,67.64,99,100,1.1
900,Ligayan,PH,2022-11-15 03:04:26,4.6533,119.4706,81.84,78,100,7.29
901,Bouca,CF,2022-11-15 03:04:26,6.5105,18.2733,67.62,51,0,0.98
902,Amuntai,ID,2022-11-15 03:04:27,-2.4177,115.2494,78.71,88,100,1.54
903,Balyaga,RU,2022-11-15 03:04:27,51.1507,108.921,25.0,62,78,4.07
904,Tyret Pervaya,RU,2022-11-15 03:04:27,53.6703,102.3106,29.53,70,96,5.26
905,North Bend,US,2022-11-15 03:04:28,43.4065,-124.2243,43.92,89,0,0.0
906,Araguacu,BR,2022-11-15 03:04:28,-12.9306,-49.8264,72.48,93,51,4.63
907,Novo Aripuana,BR,2022-11-15 03:04:29,-5.1206,-60.3797,79.05,70,96,1.48
908,Raffadali,IT,2022-11-15 03:04:29,37.4036,13.5331,55.4,68,91,4.03
909,Bobo Dioulasso,BF,2022-11-15 03:04:30,11.1771,-4.2979,73.33,32,5,5.68
910,Le Vauclin,MQ,2022-11-15 03:04:30,14.5452,-60.8388,79.84,83,75,4.61
911,Oda,JP,2022-11-15 03:01:56,35.1833,132.5,57.92,56,88,14.58
912,Kalanguy,RU,2022-11-15 03:04:30,51.0167,116.5167,17.76,79,39,4.56
913,Yambio,SS,2022-11-15 03:04:31,4.5721,28.3955,64.76,80,92,1.63
914,Llandrindod Wells,GB,2022-11-15 03:05:31,52.2416,-3.3787,48.94,94,100,19.98
915,Karachi,PK,2022-11-15 03:00:44,24.9056,67.0822,71.42,64,40,6.91
916,Storozhevaya,RU,2022-11-15 03:05:32,43.8789,41.4514,35.4,90,72,1.36
917,Vangaindrano,MG,2022-11-15 03:05:32,-23.35,47.6,70.81,90,99,8.21
918,Nago,JP,2022-11-15 03:05:33,26.5881,127.9761,73.83,73,99,5.75
919,Veraval,IN,2022-11-15 03:05:33,20.9,70.3667,77.85,47,1,6.82
920,Quimperle,FR,2022-11-15 03:05:33,47.8667,-3.55,56.12,94,100,26.46
921,Edson,CA,2022-11-15 03:05:34,53.5835,-116.4356,27.43,98,88,3.71
922,Asau,RO,2022-11-15 03:05:34,46.4333,26.4,40.28,82,27,3.2
923,Nata,PA,2022-11-15 03:05:34,8.3333,-80.5167,75.11,91,96,2.46
924,Salinopolis,BR,2022-11-15 03:05:35,-0.6136,-47.3561,80.19,78,58,13.6
925,Abha,SA,2022-11-15 03:02:15,18.2164,42.5053,55.09,80,0,2.01
926,Barra Do Garcas,BR,2022-11-15 03:05:35,-15.89,-52.2567,72.84,87,71,3.0
927,Kushalgarh,IN,2022-11-15 03:05:35,23.199,74.4507,72.05,45,0,4.0
928,Xuddur,SO,2022-11-15 03:05:36,4.1213,43.8894,68.56,96,2,10.38
929,Prokhorovka,RU,2022-11-15 03:05:36,51.0374,36.7325,26.17,72,10,2.62
930,Rehoboth,NA,2022-11-15 03:05:36,-23.3167,17.0833,64.2,29,0,1.32
931,Pitkyaranta,RU,2022-11-15 03:05:37,61.5734,31.4792,35.91,98,100,4.99
932,Kikwit,CD,2022-11-15 03:05:37,-5.041,18.8162,70.0,98,100,1.74
933,Esso,RU,2022-11-15 03:05:37,55.9333,158.7,25.79,93,100,7.02
934,Verkhoyansk,RU,2022-11-15 03:05:38,67.5447,133.385,-27.69,100,87,1.19
935,Goundam,ML,2022-11-15 03:05:38,16.4145,-3.6708,80.42,19,100,8.48
936,Sangar,RU,2022-11-15 03:05:39,63.9242,127.4739,-27.13,97,92,4.29
937,Qaqortoq,GL,2022-11-15 03:05:39,60.7167,-46.0333,24.84,87,100,7.34
938,Doha,QA,2022-11-15 03:00:53,25.2867,51.5333,76.98,65,0,5.75
939,Corinto,GR,2022-11-15 03:05:39,37.9407,22.9573,57.88,86,3,3.06
940,Kudat,MY,2022-11-15 03:05:40,6.8837,116.8477,84.49,72,88,3.91
941,Morro Bay,US,2022-11-15 03:05:40,35.3658,-120.8499,55.15,62,2,5.32
942,Gopalpur,IN,2022-11-15 03:05:40,19.2667,84.9167,73.11,60,0,6.55
943,Le Port,RE,2022-11-15 03:04:22,-20.9373,55.2919,74.25,42,40,2.71
944,Chabahar,IR,2022-11-15 03:05:41,25.2919,60.643,78.93,64,0,1.28
945,Mosquera,CO,2022-11-15 03:05:41,4.7059,-74.2302,57.29,88,75,2.3
946,Miri,MY,2022-11-15 03:05:42,4.4148,114.0089,83.82,72,100,5.7
947,Dawei,MM,2022-11-15 03:05:42,14.0833,98.2,87.24,61,66,5.12
948,Ebenthal,AT,2022-11-15 03:05:42,46.6081,14.3642,51.46,53,75,2.3
949,Lakatoro,VU,2022-11-15 03:05:43,-16.0999,167.4164,84.4,66,17,1.16
950,Pangai,TO,2022-11-15 03:05:43,-19.8,-174.35,80.71,78,75,6.91
951,Rincon,US,2022-11-15 03:05:43,32.296,-81.2354,58.86,73,75,5.75
952,Emirdag,TR,2022-11-15 03:05:44,39.0197,31.15,39.92,60,0,1.54
953,Talcahuano,CL,2022-11-15 03:05:44,-36.7167,-73.1167,58.68,94,0,5.75
954,Olga,RU,2022-11-15 03:05:44,43.7444,135.2892,38.37,38,4,8.68
955,Santo Antonio Do Leverger,BR,2022-11-15 03:05:45,-15.8656,-56.0767,71.33,92,100,3.2
956,Ukiah,US,2022-11-15 03:05:45,39.1502,-123.2078,49.64,80,0,0.0
957,Blythe,US,2022-11-15 03:01:05,33.6103,-114.5964,54.73,27,1,6.38
958,Kondinskoye,RU,2022-11-15 03:05:45,59.6481,67.41,12.36,90,100,14.72
959,Moissala,TD,2022-11-15 03:05:46,8.3404,17.7663,72.37,37,3,3.51
960,Avanigadda,IN,2022-11-15 03:05:46,16.0215,80.9181,77.04,75,40,5.26
961,Berbera,SO,2022-11-15 03:05:46,10.4396,45.0143,77.83,66,0,5.7
962,Bairiki,KI,2022-11-15 03:05:47,1.3292,172.9752,84.2,74,75,12.66
963,Pultusk,PL,2022-11-15 03:06:47,52.7025,21.0828,45.05,96,76,6.2
964,Brigantine,US,2022-11-15 03:06:48,39.4101,-74.3646,42.03,71,10,7.11
965,Amlagora,IN,2022-11-15 03:06:48,22.8333,87.3333,72.03,41,5,7.29
966,Dubti,ET,2022-11-15 03:06:48,11.7361,41.0853,74.23,53,0,8.3
967,Grand-Lahou,CI,2022-11-15 03:06:49,5.1367,-5.0242,77.54,85,84,6.38
968,Churapcha,RU,2022-11-15 03:06:49,62.0025,132.4325,-25.33,96,91,7.29
969,Paita,PE,2022-11-15 03:06:49,-5.0892,-81.1144,63.57,86,14,9.6
970,Ennis,IE,2022-11-15 03:03:28,52.8436,-8.9864,44.53,81,40,8.05
971,Burayevo,RU,2022-11-15 03:06:50,55.8407,55.4083,20.19,89,100,13.31
972,Emba,KZ,2022-11-15 03:06:50,48.8264,58.1442,25.84,85,100,19.3
973,Burnie,AU,2022-11-15 03:06:50,-41.0667,145.9167,56.95,49,90,15.03
974,Hirado,JP,2022-11-15 03:06:51,33.3597,129.5531,59.47,58,2,13.44
975,Sao Mateus,BR,2022-11-15 03:06:51,-18.7161,-39.8589,75.27,90,97,9.13
976,Fiditi,NG,2022-11-15 03:06:51,7.7136,3.9172,69.69,86,88,1.34
977,Tiarei,PF,2022-11-15 03:06:52,-17.5333,-149.3333,82.42,79,100,6.15
978,Oktyabrskiy,RU,2022-11-15 03:06:52,54.4815,53.471,21.49,91,100,13.33
979,Vigrestad,NO,2022-11-15 03:06:52,58.5667,5.7,48.81,75,37,29.73
980,Zdvinsk,RU,2022-11-15 03:06:53,54.7021,78.661,35.85,97,100,16.64
981,Angoram,PG,2022-11-15 03:06:53,-4.0625,144.0661,77.7,90,100,2.26
982,Wukari,NG,2022-11-15 03:06:54,7.85,9.7833,70.83,38,26,5.01
983,Urbino,IT,2022-11-15 03:06:54,43.7298,12.6356,45.39,89,48,4.14
984,Rock Sound,BS,2022-11-15 03:06:54,24.9,-76.2,79.57,74,6,10.74
985,Novoulyanovsk,RU,2022-11-15 03:06:55,54.1496,48.3891,25.02,70,100,19.44
986,Ryde,GB,2022-11-15 03:02:42,50.73,-1.1621,55.65,85,100,13.0
987,Kolomyya,UA,2022-11-15 03:06:55,48.5306,25.0403,38.1,89,35,3.0
988,Zhob,PK,2022-11-15 03:06:55,31.3411,69.4481,48.16,66,0,0.49
989,Misratah,LY,2022-11-15 03:06:56,32.3754,15.0925,67.69,59,0,5.14
990,Mersin,TR,2022-11-15 03:06:56,36.862,34.6509,61.18,35,1,6.31
991,Abu Dhabi,AE,2022-11-15 03:06:56,24.4667,54.3667,79.97,73,0,11.34
992,Shanghai,CN,2022-11-15 03:06:57,31.2222,121.4581,62.92,59,8,6.71
993,Adeje,ES,2022-11-15 03:06:57,28.1227,-16.726,74.57,39,0,9.22
994,Andenes,NO,2022-11-15 03:06:57,69.3143,16.1194,37.38,70,45,4.61
995,Mecca,SA,2022-11-15 03:06:58,21.4267,39.8261,76.96,71,0,0.74
996,Laranjeiras Do Sul,BR,2022-11-15 03:03:19,-25.4078,-52.4161,54.84,95,0,4.32
997,Finschhafen,PG,2022-11-15 03:06:58,-6.6024,147.8681,86.41,69,84,9.37
998,Nastola,FI,2022-11-15 03:06:59,60.95,25.9333,39.83,93,100,11.72
999,Kothapet,IN,2022-11-15 03:06:59,19.3333,79.4833,68.72,52,5,4.74
1000,Glenwood Springs,US,2022-11-15 03:05:30,39.5505,-107.3248,31.01,78,100,9.22
1001,Salekhard,RU,2022-11-15 03:07:00,66.53,66.6019,-2.27,92,100,6.89
1002,Palasa,IN,2022-11-15 03:07:00,18.7667,84.4167,74.68,59,0,2.64
1003,Muskogee,US,2022-11-15 03:07:00,35.5834,-95.3336,34.02,93,100,4.61
1004,Moose Factory,CA,2022-11-15 03:07:01,51.2585,-80.6094,20.84,95,100,8.43
1005,Massakory,TD,2022-11-15 03:07:01,12.996,15.7293,74.82,20,97,11.5
1006,Athens,GR,2022-11-15 03:05:12,37.9795,23.7162,57.33,82,1,1.99
1007,Cardston,CA,2022-11-15 03:07:01,49.2,-113.3019,25.16,89,99,4.5
1008,Boffa,GN,2022-11-15 03:07:02,10.1667,-14.0333,72.5,84,99,2.64
1009,Otane,NZ,2022-11-15 03:07:02,-39.8833,176.6333,65.01,54,0,7.47
1010,Coolum Beach,AU,2022-11-15 03:07:03,-26.5333,153.1,90.34,47,86,8.16
1011,George,ZA,2022-11-15 03:07:03,-33.963,22.4617,56.75,82,0,6.91
